ID,Local_ID,Language_ID,Parameter_ID,Value,Form,Segments,Comment,Source,Cognacy,Loan
5-1209-1,,5,1209,ga,ga,g a,,,0,
8-1209-1,,8,1209,ga,ga,g a,,,0,
17-1209-1,,17,1209,gu,gu,g u,,,0,
19-1209-1,,19,1209,gu,gu,g u,,,0,
15-1209-1,,15,1209,gu,gu,g u,,,0,
10-1209-1,,10,1209,gu,gu,g u,,,0,
6-1209-1,,6,1209,gu,gu,g u,,,0,
9-1209-1,,9,1209,gu,gu,g u,,,0,
4-1209-1,,4,1209,koː,koː,k oː,,,0,
20-1209-1,,20,1209,go,go,g o,,,0,
21-1209-1,,21,1209,ko,ko,k o,,,0,
1-1209-1,,1,1209,go,go,g o,,,0,
7-1209-1,,7,1209,gu,gu,g u,,,0,
14-1209-1,,14,1209,go,go,g o,,,0,
2-1209-1,,2,1209,gu,gu,g u,,,0,
11-1209-1,,11,1209,go,go,g o,,,0,
16-1209-1,,16,1209,go,go,g o,,,0,
18-1209-1,,18,1209,go,go,g o,,,0,
3-1209-1,,3,1209,go,go,g o,,,0,
12-1209-1,,12,1209,go,go,g o,,,0,
5-1215-1,,5,1215,naŋ,naŋ,n a ŋ,,,1,
8-1215-1,,8,1215,naŋ,naŋ,n a ŋ,,,1,
17-1215-1,,17,1215,naŋ,naŋ,n a ŋ,,,1,
19-1215-1,,19,1215,naŋ,naŋ,n a ŋ,,,1,
15-1215-1,,15,1215,naŋ,naŋ,n a ŋ,,,1,
10-1215-1,,10,1215,naŋ,naŋ,n a ŋ,,,1,
6-1215-1,,6,1215,naŋ,naŋ,n a ŋ,,,1,
9-1215-1,,9,1215,naŋ,naŋ,n a ŋ,,,1,
4-1215-1,,4,1215,nɔ̃,nɔ̃,n ɔ̃,,,1,
20-1215-1,,20,1215,no,no,n o,,,1,
21-1215-1,,21,1215,no,no,n o,,,1,
1-1215-1,,1,1215,no,no,n o,,,1,
7-1215-1,,7,1215,no,no,n o,,,1,
14-1215-1,,14,1215,no,no,n o,,,1,
2-1215-1,,2,1215,naː,naː,n aː,,,1,
11-1215-1,,11,1215,naŋ,naŋ,n a ŋ,,,1,
16-1215-1,,16,1215,na,na,n a,,,1,
18-1215-1,,18,1215,na,na,n a,,,1,
3-1215-1,,3,1215,na,na,n a,,,1,
12-1215-1,,12,1215,na,na,n a,,,1,
5-2642-1,,5,2642,wɔj,wɔj,w ɔ j,,,2,
8-2642-1,,8,2642,wuj,wuj,w u j,,,2,
17-2642-1,,17,2642,wa,wa,w a,,,2,
19-2642-1,,19,2642,wa,wa,w a,,,2,
15-2642-1,,15,2642,hɛ,hɛ,h ɛ,,,2,
10-2642-1,,10,2642,wa-ʥi,wa-ʥi,w a dʑ i,,,2,
6-2642-1,,6,2642,wa,wa,w a,,,2,
9-2642-1,,9,2642,laŋ-wa,laŋ-wa,l a ŋ w a,,,2,
4-2642-1,,4,2642,ʔoɛ,ʔoɛ,ʔ oɛ,,,2,
20-2642-1,,20,2642,oe,oe,oe,,,2,
21-2642-1,,21,2642,we,we,w e,,,2,
1-2642-1,,1,2642,uwe,uwe,u w e,,,2,
7-2642-1,,7,2642,tʰe,tʰe,tʰ e,,,3,
14-2642-1,,14,2642,oe,oe,oe,,,2,
2-2642-1,,2,2642,vɛː,vɛː,v ɛː,,,2,
11-2642-1,,11,2642,wai,wai,w ai,,,2,
16-2642-1,,16,2642,hoː,hoː,h oː,,,4,
18-2642-1,,18,2642,waː,waː,w aː,,,2,
3-2642-1,,3,2642,wɛː,wɛː,w ɛː,,,2,
12-2642-1,,12,2642,wɛː,wɛː,w ɛː,,,2,
5-587-1,,5,587,kʰin-ʨʰɔk̚,kʰin-ʨʰɔk̚,kʰ i n tɕʰ ɔ k̚,,,5,
8-587-1,,8,587,kʰe-ʨʰɔk̚,kʰe-ʨʰɔk̚,kʰ e tɕʰ ɔ k̚,,,5,
17-587-1,,17,587,san-gjuk,san-gjuk,s a n g j u k,,,5,
19-587-1,,19,587,san-ʥɔk,san-ʥɔk,s a n dʑ ɔ k,,,5,
15-587-1,,15,587,saŋ-ʥɔk,saŋ-ʥɔk,s a ŋ dʑ ɔ k,,,5,
10-587-1,,10,587,saŋ-ʥɔk,saŋ-ʥɔk,s a ŋ dʑ ɔ k,,,5,
6-587-1,,6,587,san-ʥɔk,san-ʥɔk,s a n dʑ ɔ k,,,5,
9-587-1,,9,587,ʂan-ʥɔk,ʂan-ʥɔk,ʂ a n dʑ ɔ k,,,5,
4-587-1,,4,587,ɕiɲiŋ,ɕiɲiŋ,ɕ i ɲ i ŋ,,,6,
20-587-1,,20,587,ʃiŋiŋ,ʃiŋiŋ,ʃ i ŋ i ŋ,,,6,
21-587-1,,21,587,ʃiŋiŋ,ʃiŋiŋ,ʃ i ŋ i ŋ,,,6,
1-587-1,,1,587,siiŋ,siiŋ,s iː ŋ,,,6,
7-587-1,,7,587,ʃiŋiŋ,ʃiŋiŋ,ʃ i ŋ i ŋ,,,6,
14-587-1,,14,587,ʃiŋiŋ,ʃiŋiŋ,ʃ i ŋ i ŋ,,,6,
2-587-1,,2,587,ʤamʤuʔ,ʤamʤuʔ,dʒ a m dʒ u ʔ,,,5,
11-587-1,,11,587,gamgɹu,gamgɹu,g a m g ɹ u,,,5,
16-587-1,,16,587,gaməgɹoː,gaməgɹoː,g a m ə g ɹ oː,,,5,
18-587-1,,18,587,gɹɛŋgɹo,gɹɛŋgɹo,g ɹ ɛ ŋ g ɹ o,,,5,
3-587-1,,3,587,gɹɛŋgɹo,gɹɛŋgɹo,g ɹ ɛ ŋ g ɹ o,,,5,
12-587-1,,12,587,gɹɛŋgɹo,gɹɛŋgɹo,g ɹ ɛ ŋ g ɹ o,,,5,
5-212-1,,5,212,hut̚,hut̚,h u t̚,,,7,
8-212-1,,8,212,hut̚,hut̚,h u t̚,,,7,
17-212-1,,17,212,ʔik,ʔik,ʔ i k,,,8,
19-212-1,,19,212,ʔik,ʔik,ʔ i k,,,8,
15-212-1,,15,212,ʔik,ʔik,ʔ i k,,,8,
10-212-1,,10,212,ʔik,ʔik,ʔ i k,,,8,
6-212-1,,6,212,ʔik,ʔik,ʔ i k,,,8,
9-212-1,,9,212,ʔik,ʔik,ʔ i k,,,8,
4-212-1,,4,212,wat,wat,w a t,,,9,
20-212-1,,20,212,wat,wat,w a t,,,9,
21-212-1,,21,212,wat,wat,w a t,,,9,
1-212-1,,1,212,wat,wat,w a t,,,9,
7-212-1,,7,212,wat,wat,w a t,,,9,
14-212-1,,14,212,wat,wat,w a t,,,9,
2-212-1,,2,212,geʔ,geʔ,g e ʔ,,,10,
11-212-1,,11,212,geiʔ,geiʔ,g ei ʔ,,,10,
16-212-1,,16,212,get,get,g e t,,,10,
18-212-1,,18,212,geiʔ,geiʔ,g ei ʔ,,,10,
3-212-1,,3,212,geiʔ,geiʔ,g ei ʔ,,,10,
12-212-1,,12,212,geiʔ,geiʔ,g ei ʔ,,,10,
5-646-1,,5,646,ʨʰu-pʰak̚,ʨʰu-pʰak̚,tɕʰ u pʰ a k̚,,,11,
8-646-1,,8,646,ʨʰu-pʰa,ʨʰu-pʰa,tɕʰ u pʰ a,,,11,
17-646-1,,17,646,ʨʰa-pʰluː,ʨʰa-pʰluː,tɕʰ a pʰ l uː,,,11,
19-646-1,,19,646,ʨʰa-pʰuː,ʨʰa-pʰuː,tɕʰ a pʰ uː,,,11,
15-646-1,,15,646,ʨʰa-pʰruː,ʨʰa-pʰruː,tɕʰ a pʰ r uː,,,11,
10-646-1,,10,646,ʨʰa-pʰluː,ʨʰa-pʰluː,tɕʰ a pʰ l uː,,,11,
6-646-1,,6,646,ʨʰa-pʰluː,ʨʰa-pʰluː,tɕʰ a pʰ l uː,,,11,
9-646-1,,9,646,ʥɐ-pʰluː,ʥɐ-pʰluː,dʑ ɐ pʰ l uː,,,11,
4-646-1,,4,646,səpʰiə,səpʰiə,s ə pʰ iə,,,12,
20-646-1,,20,646,spije,spije,s p i j e,,,12,
21-646-1,,21,646,spije,spije,s p i j e,,,12,
1-646-1,,1,646,spije,spije,s p i j e,,,12,
7-646-1,,7,646,spije,spije,s p i j e,,,12,
14-646-1,,14,646,spije,spije,s p i j e,,,12,
2-646-1,,2,646,pʰa-rəp,pʰa-rəp,pʰ a r ə p,,,13,
11-646-1,,11,646,bə-rəm,bə-rəm,b ə r ə m,,,13,
16-646-1,,16,646,bai-rəp,bai-rəp,b ai r ə p,,,13,
18-646-1,,18,646,bai-rəʔ,bai-rəʔ,b ai r ə ʔ,,,13,
3-646-1,,3,646,bɛɛ-rak,bɛɛ-rak,b ɛː r a k,,,13,
12-646-1,,12,646,bɛɛ-rak,bɛɛ-rak,b ɛː r a k,,,13,
5-1202-1,,5,1202,ʔɔ-dɔk̚,ʔɔ-dɔk̚,ʔ ɔ d ɔ k̚,,,14,
8-1202-1,,8,1202,ʔɔ-dɔk̚,ʔɔ-dɔk̚,ʔ ɔ d ɔ k̚,,,14,
17-1202-1,,17,1202,ʔa-dɔk,ʔa-dɔk,ʔ a d ɔ k,,,14,
19-1202-1,,19,1202,ʔa-dɔk,ʔa-dɔk,ʔ a d ɔ k,,,14,
15-1202-1,,15,1202,ʔa-dɔk,ʔa-dɔk,ʔ a d ɔ k,,,14,
10-1202-1,,10,1202,ʔa-dɔk,ʔa-dɔk,ʔ a d ɔ k,,,14,
6-1202-1,,6,1202,ʔa-dɔk,ʔa-dɔk,ʔ a d ɔ k,,,14,
9-1202-1,,9,1202,ʔa-dɔk,ʔa-dɔk,ʔ a d ɔ k,,,14,
4-1202-1,,4,1202,əpõː,əpõː,ə p õː,,,15,
20-1202-1,,20,1202,eboᵘ,eboᵘ,e b oᵘ/o,,,15,
21-1202-1,,21,1202,eboᵘ,eboᵘ,e b oᵘ/o,,,15,
1-1202-1,,1,1202,boᵘ,boᵘ,b oᵘ/o,,,15,
7-1202-1,,7,1202,boᵘ,boᵘ,b oᵘ/o,,,15,
14-1202-1,,14,1202,boᵘ,boᵘ,b oᵘ/o,,,15,
2-1202-1,,2,1202,araː,araː,a r aː,,,16,
11-1202-1,,11,1202,arai,arai,a r ai,,,16,
16-1202-1,,16,1202,arai,arai,a r ai,,,16,
18-1202-1,,18,1202,toʔrɨɨ,toʔrɨɨ,t o ʔ r ɨː,,,14,
3-1202-1,,3,1202,kəlaː,kəlaː,k ə l aː,,,17,
12-1202-1,,12,1202,kəlaː,kəlaː,k ə l aː,,,17,
5-937-1,,5,937,hwa,hwa,w̥ a,,,18,
8-937-1,,8,937,hwa,hwa,w̥ a,,,18,
17-937-1,,17,937,hu,hu,h u,,,18,
19-937-1,,19,937,hu,hu,h u,,,18,
15-937-1,,15,937,hu,hu,h u,,,18,
10-937-1,,10,937,hu,hu,h u,,,18,
6-937-1,,6,937,hu,hu,h u,,,18,
9-937-1,,9,937,fu,fu,f u,,,18,
4-937-1,,4,937,fuə,fuə,f uə,,,18,
20-937-1,,20,937,fua,fua,f ua,,,18,
21-937-1,,21,937,fua,fua,f ua,,,18,
1-937-1,,1,937,fua,fua,f ua,,,18,
7-937-1,,7,937,fo,fo,f o,,,18,
14-937-1,,14,937,fua,fua,f ua,,,18,
2-937-1,,2,937,pəduː,pəduː,p ə d uː,,,19,
11-937-1,,11,937,pədoː,pədoː,p ə d oː,,,19,
16-937-1,,16,937,pədoː,pədoː,p ə d oː,,,19,
18-937-1,,18,937,pədoː,pədoː,p ə d oː,,,19,
3-937-1,,3,937,pədou,pədou,p ə d ou,,,19,
12-937-1,,12,937,pədou,pədou,p ə d ou,,,19,
5-1403-1,,5,1403,zjɛk̚,zjɛk̚,z j ɛ k̚,,,20,
8-1403-1,,8,1403,zɛk,zɛk,z ɛ k,,,20,
17-1403-1,,17,1403,zɛk,zɛk,z ɛ k,,,20,
19-1403-1,,19,1403,zɛk,zɛk,z ɛ k,,,20,
15-1403-1,,15,1403,zɛk,zɛk,z ɛ k,,,20,
10-1403-1,,10,1403,zɛk,zɛk,z ɛ k,,,20,
6-1403-1,,6,1403,zɛk,zɛk,z ɛ k,,,20,
4-1403-1,,4,1403,kʰrik,kʰrik,kʰ r i k,,,21,
20-1403-1,,20,1403,tʰokmage,tʰokmage,tʰ o k m a g e,,,22,
21-1403-1,,21,1403,kʰrik,kʰrik,kʰ r i k,,,21,
1-1403-1,,1,1403,tʰokpʰa,tʰokpʰa,tʰ o k pʰ a,,,22,
7-1403-1,,7,1403,ʧipʰa,ʧipʰa,tʃ i pʰ a,,,23,
14-1403-1,,14,1403,tʰokpʰa,tʰokpʰa,tʰ o k pʰ a,,,22,
2-1403-1,,2,1403,tɔʔ,tɔʔ,t ɔ ʔ,,,22,
11-1403-1,,11,1403,tua,tua,t ua,,,22,
16-1403-1,,16,1403,tua,tua,t ua,,,22,
18-1403-1,,18,1403,tua,tua,t ua,,,22,
3-1403-1,,3,1403,tua,tua,t ua,,,22,
12-1403-1,,12,1403,tua,tua,t ua,,,22,
5-887-1,,5,887,ʨʰak̚ba,ʨʰak̚ba,tɕʰ a k̚/k b a,,,24,
8-887-1,,8,887,ʨʰak̚ba,ʨʰak̚ba,tɕʰ a k̚/k b a,,,24,
17-887-1,,17,887,kʰjɔk,kʰjɔk,kʰ j ɔ k,,,24,
19-887-1,,19,887,ʔa-ʨʰak,ʔa-ʨʰak,ʔ a tɕʰ a k,,,24,
15-887-1,,15,887,ʨʰak,ʨʰak,tɕʰ a k,,,24,
10-887-1,,10,887,ʨʰak,ʨʰak,tɕʰ a k,,,24,
6-887-1,,6,887,ʨʰak,ʨʰak,tɕʰ a k,,,24,
9-887-1,,9,887,ʔa-ʨʰak,ʔa-ʨʰak,ʔ a tɕʰ a k,,,24,
4-887-1,,4,887,ʔəkʰoː,ʔəkʰoː,ʔ ə kʰ oː,,,25,
20-887-1,,20,887,kʰoᵘ,kʰoᵘ,kʰ oᵘ/o,,,25,
21-887-1,,21,887,ekʰoᵘ,ekʰoᵘ,e kʰ oᵘ/o,,,25,
1-887-1,,1,887,kʰoᵘ,kʰoᵘ,kʰ oᵘ/o,,,25,
7-887-1,,7,887,kʰoᵘ,kʰoᵘ,kʰ oᵘ/o,,,25,
14-887-1,,14,887,ekʰoᵘ,ekʰoᵘ,e kʰ oᵘ/o,,,25,
2-887-1,,2,887,aʧaʔ,aʧaʔ,a tʃ a ʔ,,,24,
11-887-1,,11,887,aʧuaʔ,aʧuaʔ,a tʃ ua ʔ,,,24,
16-887-1,,16,887,aʧaː,aʧaː,a tʃ aː,,,24,
18-887-1,,18,887,akjaː,akjaː,a k j aː,,,24,
3-887-1,,3,887,aʧaː,aʧaː,a tʃ aː,,,24,
12-887-1,,12,887,aʧjaː,aʧjaː,a tʃ j aː,,,24,
5-163-1,,5,163,ʔu-ʨʰam,ʔu-ʨʰam,ʔ u tɕʰ a m,,,26,
8-163-1,,8,163,ʔu-ʨʰam,ʔu-ʨʰam,ʔ u tɕʰ a m,,,26,
17-163-1,,17,163,ʔa-kʰjɔ̃ː,ʔa-kʰjɔ̃ː,ʔ a kʰ j ɔ̃ː,,,26,
19-163-1,,19,163,ʔa-ʨʰɔ̃ː,ʔa-ʨʰɔ̃ː,ʔ a tɕʰ ɔ̃ː,,,26,
15-163-1,,15,163,ʔa-ʨʰũː,ʔa-ʨʰũː,ʔ a tɕʰ ũː,,,26,
10-163-1,,10,163,ʔa-ʨʰũː,ʔa-ʨʰũː,ʔ a tɕʰ ũː,,,26,
6-163-1,,6,163,ʔa-ʨʰɔ̃ː,ʔa-ʨʰɔ̃ː,ʔ a tɕʰ ɔ̃ː,,,26,
9-163-1,,9,163,ʔa-ʈ͡ʂʰũː,ʔa-ʈ͡ʂʰũː,ʔ a ʈʂʰ ũː,,,26,
4-163-1,,4,163,əsai,əsai,ə s ai,,,27,
20-163-1,,20,163,esaⁱ,esaⁱ,e s aⁱ,,,27,
21-163-1,,21,163,esaⁱ,esaⁱ,e s aⁱ,,,27,
1-163-1,,1,163,esaⁱ,esaⁱ,e s aⁱ,,,27,
7-163-1,,7,163,soⁱ,soⁱ,s oⁱ/o,,,27,
14-163-1,,14,163,esui,esui,e s ui,,,27,
2-163-1,,2,163,ahjɛN,ahjɛN,a h j ɛ N/ɴ,,,28,
11-163-1,,11,163,ahjeĩ,ahjeĩ,a h j eĩ,,,28,
16-163-1,,16,163,ahjɛĩ,ahjɛĩ,a h j ɛĩ,,,28,
18-163-1,,18,163,ahɛ̃,ahɛ̃,a h ɛ̃,,,28,
3-163-1,,3,163,ahjɛN,ahjɛN,a h j ɛ N/ɴ,,,28,
12-163-1,,12,163,ahjɛN,ahjɛN,a h j ɛ N/ɴ,,,28,
5-946-1,,5,946,hɔj,hɔj,h ɔ j,,,29,
8-946-1,,8,946,hɔj,hɔj,h ɔ j,,,29,
17-946-1,,17,946,haː,haː,h aː,,,29,
19-946-1,,19,946,haː,haː,h aː,,,29,
15-946-1,,15,946,hɛː,hɛː,h ɛː,,,29,
10-946-1,,10,946,hɛː,hɛː,h ɛː,,,29,
6-946-1,,6,946,hɛː,hɛː,h ɛː,,,29,
9-946-1,,9,946,xaː,xaː,x aː,,,29,
4-946-1,,4,946,əfuɛ,əfuɛ,ə f uɛ,,,29,
20-946-1,,20,946,efua,efua,e f ua,,,29,
21-946-1,,21,946,efua,efua,e f ua,,,29,
1-946-1,,1,946,efua,efua,e f ua,,,29,
7-946-1,,7,946,nəfaⁱ,nəfaⁱ,n ə f aⁱ,,,29,
14-946-1,,14,946,məfaⁱ,məfaⁱ,m ə f aⁱ,,,29,
2-946-1,,2,946,ahui,ahui,a h ui,,,29,
11-946-1,,11,946,afui,afui,a f ui,,,29,
16-946-1,,16,946,fui,fui,f ui,,,29,
18-946-1,,18,946,hue,hue,h ue,,,29,
3-946-1,,3,946,hue,hue,h ue,,,29,
12-946-1,,12,946,hue,hue,h ue,,,29,
5-1394-1,,5,1394,ɕa-kʰus,ɕa-kʰus,ɕ a kʰ u s,,,30,
8-1394-1,,8,1394,ɕa-kʰus,ɕa-kʰus,ɕ a kʰ u s,,,30,
17-1394-1,,17,1394,s-kik,s-kik,s k i k,,,30,
19-1394-1,,19,1394,s-kit,s-kit,s k i t,,,30,
15-1394-1,,15,1394,s-kik,s-kik,s k i k,,,30,
10-1394-1,,10,1394,sə-kik,sə-kik,s ə k i k,,,30,
6-1394-1,,6,1394,ʔi-hik,ʔi-hik,ʔ i h i k,,,30,
9-1394-1,,9,1394,ʔa-xyk,ʔa-xyk,ʔ a x y k,,,30,
4-1394-1,,4,1394,əsɛŋ,əsɛŋ,ə s ɛ ŋ,,,31,
20-1394-1,,20,1394,ezeŋ,ezeŋ,e z e ŋ,,,31,
21-1394-1,,21,1394,ezak,ezak,e z a k,,,31,
1-1394-1,,1,1394,ezeŋ,ezeŋ,e z e ŋ,,,31,
7-1394-1,,7,1394,nizeŋ,nizeŋ,n i z e ŋ,,,31,
14-1394-1,,14,1394,ezeŋ,ezeŋ,e z e ŋ,,,31,
2-1394-1,,2,1394,azɛN,azɛN,a z ɛ N/ɴ,,,31,
11-1394-1,,11,1394,aʒan,aʒan,a ʒ a n,,,31,
16-1394-1,,16,1394,azaʔ,azaʔ,a z a ʔ,,,31,
18-1394-1,,18,1394,azaiʔ,azaiʔ,a z ai ʔ,,,31,
3-1394-1,,3,1394,azaiʔ,azaiʔ,a z ai ʔ,,,31,
12-1394-1,,12,1394,aʤaiʔ,aʤaiʔ,a dʒ ai ʔ,,,31,
5-1402-1,,5,1402,ɲu,ɲu,ɲ u,,,32,
8-1402-1,,8,1402,ɲu,ɲu,ɲ u,,,32,
17-1402-1,,17,1402,ɲyŋ,ɲyŋ,ɲ y ŋ,,,32,
19-1402-1,,19,1402,ɲuŋ,ɲuŋ,ɲ u ŋ,,,32,
15-1402-1,,15,1402,nyŋ,nyŋ,n y ŋ,,,32,
10-1402-1,,10,1402,nyŋ,nyŋ,n y ŋ,,,32,
6-1402-1,,6,1402,nyŋ,nyŋ,n y ŋ,,,32,
9-1402-1,,9,1402,nyŋ,nyŋ,n y ŋ,,,32,
4-1402-1,,4,1402,ɲeoː,ɲeoː,ɲ eoː,,,32,
20-1402-1,,20,1402,ɲeoː,ɲeoː,ɲ eoː,,,32,
21-1402-1,,21,1402,ɲeoː,ɲeoː,ɲ eoː,,,32,
1-1402-1,,1,1402,niw,niw,n i w,,,32,
7-1402-1,,7,1402,dut,dut,d u t,,,33,
14-1402-1,,14,1402,niw,niw,n i w,,,32,
2-1402-1,,2,1402,anjɛː,anjɛː,a n j ɛː,,,32,
11-1402-1,,11,1402,anjei,anjei,a n j ei,,,32,
16-1402-1,,16,1402,njɛi,njɛi,n j ɛi,,,32,
18-1402-1,,18,1402,ɲɛː,ɲɛː,ɲ ɛː,,,32,
3-1402-1,,3,1402,anjɛː,anjɛː,a n j ɛː,,,32,
12-1402-1,,12,1402,anjɛː,anjɛː,a n j ɛː,,,32,
5-1428-1,,5,1428,haj,haj,h a j,,,34,
8-1428-1,,8,1428,haj,haj,h a j,,,34,
17-1428-1,,17,1428,haː,haː,h aː,,,34,
19-1428-1,,19,1428,haː,haː,h aː,,,34,
15-1428-1,,15,1428,hɛː,hɛː,h ɛː,,,34,
10-1428-1,,10,1428,hɛː,hɛː,h ɛː,,,34,
6-1428-1,,6,1428,hɛː,hɛː,h ɛː,,,34,
9-1428-1,,9,1428,haː,haː,h aː,,,34,
4-1428-1,,4,1428,hõːe,hõːe,h õːe,,,34,
20-1428-1,,20,1428,ʃuⁱt,ʃuⁱt,ʃ uⁱ/u t,,,35,
21-1428-1,,21,1428,haᵘ,haᵘ,h aᵘ/a,,,34,
1-1428-1,,1,1428,fũppʰa,fũppʰa,f ũ p pʰ a,,,36,
7-1428-1,,7,1428,ʤijopʰa,ʤijopʰa,dʒ i j o pʰ a,,,37,
14-1428-1,,14,1428,fupʰa,fupʰa,f u pʰ a,,,36,
2-1428-1,,2,1428,ham,ham,h a m,,,38,
11-1428-1,,11,1428,ʤəu,ʤəu,dʒ əu,,,37,
16-1428-1,,16,1428,ʤəu,ʤəu,dʒ əu,,,37,
18-1428-1,,18,1428,ʤɨː,ʤɨː,dʒ ɨː,,,37,
3-1428-1,,3,1428,jɨː,jɨː,j ɨː,,,37,
12-1428-1,,12,1428,ʤɨː,ʤɨː,dʒ ɨː,,,37,
5-465-1,,5,465,bu,bu,b u,,,39,
8-465-1,,8,465,bu,bu,b u,,,39,
17-465-1,,17,465,byː,byː,b yː,,,39,
19-465-1,,19,465,byː,byː,b yː,,,39,
15-465-1,,15,465,byː,byː,b yː,,,39,
10-465-1,,10,465,byː,byː,b yː,,,39,
6-465-1,,6,465,byː,byː,b yː,,,39,
9-465-1,,9,465,byː,byː,b yː,,,39,
4-465-1,,4,465,hán,hán,h á n,,,40,
2-465-1,,2,465,ʒeN,ʒeN,ʒ e N/ɴ,,,41,
11-465-1,,11,465,ɹan,ɹan,ɹ a n,,,42,
16-465-1,,16,465,bəu,bəu,b əu,,,39,
18-465-1,,18,465,eiʔ,eiʔ,e i ʔ,,,43,
3-465-1,,3,465,eiʔ,eiʔ,e i ʔ,,,43,
12-465-1,,12,465,ek,ek,e k,,,43,
5-1489-1,,5,1489,mukpa,mukpa,m u k p a,,,44,
8-1489-1,,8,1489,tɔŋ-ti,tɔŋ-ti,t ɔ ŋ t i,,,45,
17-1489-1,,17,1489,ʦə-ty,ʦə-ty,ts ə t y,,,45,
19-1489-1,,19,1489,sin-ti,sin-ti,s i n t i,,,45,
15-1489-1,,15,1489,syn-ty,syn-ty,s y n t y,,,45,
10-1489-1,,10,1489,syŋ-ty,syŋ-ty,s y ŋ t y,,,45,
6-1489-1,,6,1489,s-ty,s-ty,s t y,,,45,
9-1489-1,,9,1489,ɕ-tỹ,ɕ-tỹ,ɕ t ỹ,,,45,
4-1489-1,,4,1489,səkʰamau,səkʰamau,s ə kʰ a m au,,,46,
20-1489-1,,20,1489,skəmoᵘ,skəmoᵘ,s k ə m oᵘ/o,,,46,
21-1489-1,,21,1489,skəmoᵘ,skəmoᵘ,s k ə m oᵘ/o,,,46,
1-1489-1,,1,1489,ʧakamaŋ,ʧakamaŋ,tʃ a k a m a ŋ,,,47,
7-1489-1,,7,1489,ʧakamaŋ,ʧakamaŋ,tʃ a k a m a ŋ,,,47,
14-1489-1,,14,1489,ʧakamaŋ,ʧakamaŋ,tʃ a k a m a ŋ,,,47,
2-1489-1,,2,1489,sətɨː,sətɨː,s ə t ɨː,,,45,
11-1489-1,,11,1489,kadəusə,kadəusə,k a d əu s ə,,,45,
16-1489-1,,16,1489,toŋsəu,toŋsəu,t o ŋ s əu,,,48,
18-1489-1,,18,1489,katɨːsɨː,katɨːsɨː,k a t ɨː s ɨː,,,45,
3-1489-1,,3,1489,katəː,katəː,k a t əː,,,45,
12-1489-1,,12,1489,katəː,katəː,k a t əː,,,45,
5-1839-1,,5,1839,kʰip,kʰip,kʰ i p,,,49,
8-1839-1,,8,1839,kʰip,kʰip,kʰ i p,,,49,
17-1839-1,,17,1839,kʰe,kʰe,kʰ e,,,49,
19-1839-1,,19,1839,tʰe,tʰe,tʰ e,,,50,
15-1839-1,,15,1839,ʨʰe,ʨʰe,tɕʰ e,,,49,
10-1839-1,,10,1839,ʨʰe,ʨʰe,tɕʰ e,,,49,
6-1839-1,,6,1839,ʨʰe,ʨʰe,tɕʰ e,,,49,
9-1839-1,,9,1839,ʈ͡ʂʰe,ʈ͡ʂʰe,ʈʂʰ e,,,49,
4-1839-1,,4,1839,ʨʰõ,ʨʰõ,tɕʰ õ,,,49,
20-1839-1,,20,1839,ʧomage,ʧomage,tʃ o m a g e,,,49,
21-1839-1,,21,1839,ʧo,ʧo,tʃ o,,,49,
1-1839-1,,1,1839,ʧoapʰa,ʧoapʰa,tʃ oa pʰ a,,,49,
7-1839-1,,7,1839,ʧoapʰa,ʧoapʰa,tʃ oa pʰ a,,,49,
14-1839-1,,14,1839,ʧo,ʧo,tʃ o,,,49,
2-1839-1,,2,1839,ʧɛʔ,ʧɛʔ,tʃ ɛ ʔ,,,49,
11-1839-1,,11,1839,ʧap,ʧap,tʃ a p,,,49,
16-1839-1,,16,1839,ʧap,ʧap,tʃ a p,,,49,
18-1839-1,,18,1839,kjaʔ,kjaʔ,k j a ʔ,,,49,
3-1839-1,,3,1839,ʧap,ʧap,tʃ a p,,,49,
12-1839-1,,12,1839,ʧjap,ʧjap,tʃ j a p,,,49,
5-1494-1,,5,1494,ʔi,ʔi,ʔ i,,,51,
8-1494-1,,8,1494,ʔi,ʔi,ʔ i,,,51,
17-1494-1,,17,1494,ʔiː,ʔiː,ʔ iː,,,51,
19-1494-1,,19,1494,ʔiː,ʔiː,ʔ iː,,,51,
15-1494-1,,15,1494,ʔiː,ʔiː,ʔ iː,,,51,
10-1494-1,,10,1494,ʔiː,ʔiː,ʔ iː,,,51,
6-1494-1,,6,1494,ʔiː,ʔiː,ʔ iː,,,51,
9-1494-1,,9,1494,ʔiː,ʔiː,ʔ iː,,,51,
4-1494-1,,4,1494,ʔiː,ʔiː,ʔ iː,,,51,
20-1494-1,,20,1494,ida,ida,i d a,,,51,
21-1494-1,,21,1494,iⁱ,iⁱ,iⁱ/i,,,51,
1-1494-1,,1,1494,ipʰa,ipʰa,i pʰ a,,,51,
7-1494-1,,7,1494,idən,idən,i d ə n,,,51,
14-1494-1,,14,1494,idun,idun,i d u n,,,51,
2-1494-1,,2,1494,iː,iː,iː,,,51,
11-1494-1,,11,1494,iː,iː,iː,,,51,
16-1494-1,,16,1494,iː,iː,iː,,,51,
18-1494-1,,18,1494,iː,iː,iː,,,51,
3-1494-1,,3,1494,iː,iː,iː,,,51,
12-1494-1,,12,1494,iː,iː,iː,,,51,
5-2575-1,,5,2575,le,le,l e,,,52,
8-2575-1,,8,2575,li,li,l i,,,52,
17-2575-1,,17,2575,ra,ra,r a,,,52,
19-2575-1,,19,2575,ra,ra,r a,,,52,
15-2575-1,,15,2575,rɛ,rɛ,r ɛ,,,52,
10-2575-1,,10,2575,rɛ,rɛ,r ɛ,,,52,
6-2575-1,,6,2575,ra,ra,r a,,,52,
9-2575-1,,9,2575,ra,ra,r a,,,52,
4-2575-1,,4,2575,rjɛt,rjɛt,r j ɛ t,,,52,
20-2575-1,,20,2575,retmage,retmage,r e t m a g e,,,52,
21-2575-1,,21,2575,ret,ret,r e t,,,52,
1-2575-1,,1,2575,reʔpʰa,reʔpʰa,r e ʔ pʰ a,,,52,
7-2575-1,,7,2575,reⁱpʰa,reⁱpʰa,r eⁱ/e pʰ a,,,52,
14-2575-1,,14,2575,ɾappʰa,ɾappʰa,ɾ a p pʰ a,,,52,
2-2575-1,,2,2575,ʦaʔ,ʦaʔ,ts a ʔ,,,53,
11-2575-1,,11,2575,ʒou,ʒou,ʒ ou,,,54,
16-2575-1,,16,2575,kat,kat,k a t,,,55,
18-2575-1,,18,2575,kaiʔ,kaiʔ,k ai ʔ,,,55,
3-2575-1,,3,2575,kaiʔ,kaiʔ,k ai ʔ,,,55,
12-2575-1,,12,2575,kaiʔ,kaiʔ,k ai ʔ,,,55,
5-2009-1,,5,2009,wa-tʰi,wa-tʰi,w a tʰ i,,,56,
8-2009-1,,8,2009,wa-tʰi,wa-tʰi,w a tʰ i,,,56,
17-2009-1,,17,2009,bə-tʰaː,bə-tʰaː,b ə tʰ aː,,,56,
19-2009-1,,19,2009,pʰ-tʰaː,pʰ-tʰaː,pʰ tʰ aː,,,56,
15-2009-1,,15,2009,pʰ-tʰɛː,pʰ-tʰɛː,pʰ tʰ ɛː,,,56,
10-2009-1,,10,2009,pʰ-tʰɛː,pʰ-tʰɛː,pʰ tʰ ɛː,,,56,
6-2009-1,,6,2009,pʰ-tʰɛː,pʰ-tʰɛː,pʰ tʰ ɛː,,,56,
9-2009-1,,9,2009,bə-tʰaː,bə-tʰaː,b ə tʰ aː,,,56,
4-2009-1,,4,2009,ʨɔi,ʨɔi,tɕ ɔi,,,56,
20-2009-1,,20,2009,ʧi,ʧi,tʃ i,,,56,
21-2009-1,,21,2009,ʧaⁱ,ʧaⁱ,tʃ aⁱ,,,56,
1-2009-1,,1,2009,ʧoⁱ,ʧoⁱ,tʃ oⁱ/o,,,56,
7-2009-1,,7,2009,ʧoⁱ,ʧoⁱ,tʃ oⁱ/o,,,56,
14-2009-1,,14,2009,ʧoⁱ,ʧoⁱ,tʃ oⁱ/o,,,56,
2-2009-1,,2,2009,buː,buː,b uː,,,57,
11-2009-1,,11,2009,buː,buː,b uː,,,57,
16-2009-1,,16,2009,boː,boː,b oː,,,57,
18-2009-1,,18,2009,boː,boː,b oː,,,57,
3-2009-1,,3,2009,kajoː,kajoː,k a j oː,,,58,
12-2009-1,,12,2009,kajoː,kajoː,k a j oː,,,58,
5-1401-1,,5,1401,ɲiŋ,ɲiŋ,ɲ i ŋ,,,59,
8-1401-1,,8,1401,ɲiŋ,ɲiŋ,ɲ i ŋ,,,59,
17-1401-1,,17,1401,liŋ,liŋ,l i ŋ,,,60,
19-1401-1,,19,1401,ʔiŋ,ʔiŋ,ʔ i ŋ,,,60,
15-1401-1,,15,1401,liŋ,liŋ,l i ŋ,,,60,
10-1401-1,,10,1401,liŋ,liŋ,l i ŋ,,,60,
6-1401-1,,6,1401,liŋ,liŋ,l i ŋ,,,60,
9-1401-1,,9,1401,lyŋ,lyŋ,l y ŋ,,,60,
4-1401-1,,4,1401,naŋ,naŋ,n a ŋ,,,61,
20-1401-1,,20,1401,kʰoŋaŋ,kʰoŋaŋ,kʰ o ŋ a ŋ,,,61,
21-1401-1,,21,1401,naŋ,naŋ,n a ŋ,,,61,
1-1401-1,,1,1401,naŋpʰa,naŋpʰa,n a ŋ pʰ a,,,61,
7-1401-1,,7,1401,naŋpʰa,naŋpʰa,n a ŋ pʰ a,,,61,
14-1401-1,,14,1401,naŋ,naŋ,n a ŋ,,,61,
2-1401-1,,2,1401,in,in,i n,,,60,
11-1401-1,,11,1401,in,in,i n,,,60,
16-1401-1,,16,1401,in,in,i n,,,60,
18-1401-1,,18,1401,riŋ,riŋ,r i ŋ,,,60,
3-1401-1,,3,1401,riŋ,riŋ,r i ŋ,,,60,
12-1401-1,,12,1401,riŋ,riŋ,r i ŋ,,,60,
5-1398-1,,5,1398,waʔar,waʔar,w a ʔ a r,,,62,
8-1398-1,,8,1398,ʔɔwal,ʔɔwal,ʔ ɔ w a l,,,62,
17-1398-1,,17,1398,ʔɔʔɔ̃ː,ʔɔʔɔ̃ː,ʔ ɔ ʔ ɔ̃ː,,,62,
19-1398-1,,19,1398,ʔɔʔɔ̃ː,ʔɔʔɔ̃ː,ʔ ɔ ʔ ɔ̃ː,,,62,
15-1398-1,,15,1398,ʔɔʔɔ̃ː,ʔɔʔɔ̃ː,ʔ ɔ ʔ ɔ̃ː,,,62,
10-1398-1,,10,1398,ʔyk̚ʔãː,ʔyk̚ʔãː,ʔ y k̚/k ʔ ãː,,,62,
6-1398-1,,6,1398,ʔyk̚ʔãː,ʔyk̚ʔãː,ʔ y k̚/k ʔ ãː,,,62,
9-1398-1,,9,1398,ʔɔʔɔ̃ː,ʔɔʔɔ̃ː,ʔ ɔ ʔ ɔ̃ː,,,62,
4-1398-1,,4,1398,əkou,əkou,ə k ou,,,63,
20-1398-1,,20,1398,egaᵘ,egaᵘ,e g aᵘ/a,,,63,
21-1398-1,,21,1398,ekaᵘ,ekaᵘ,e k aᵘ/a,,,63,
1-1398-1,,1,1398,egaᵘ,egaᵘ,e g aᵘ/a,,,63,
7-1398-1,,7,1398,goᵘ,goᵘ,g oᵘ/o,,,63,
14-1398-1,,14,1398,nəgou,nəgou,n ə g ou,,,63,
2-1398-1,,2,1398,awɛN,awɛN,a w ɛ N/ɴ,,,62,
11-1398-1,,11,1398,awan,awan,a w a n,,,62,
16-1398-1,,16,1398,awan,awan,a w a n,,,62,
18-1398-1,,18,1398,awaiʔ,awaiʔ,a w ai ʔ,,,62,
3-1398-1,,3,1398,awaiʔ,awaiʔ,a w ai ʔ,,,62,
12-1398-1,,12,1398,awaiʔ,awaiʔ,a w ai ʔ,,,62,
5-1247-1,,5,1247,kʰu-tʰuŋ,kʰu-tʰuŋ,kʰ u tʰ u ŋ,,,64,
8-1247-1,,8,1247,kʰu-tʰuŋ,kʰu-tʰuŋ,kʰ u tʰ u ŋ,,,64,
17-1247-1,,17,1247,gə-tʰyŋ,gə-tʰyŋ,g ə tʰ y ŋ,,,64,
19-1247-1,,19,1247,kʰə-tʰuŋ-lap,kʰə-tʰuŋ-lap,kʰ ə tʰ u ŋ l a p,,,64,
15-1247-1,,15,1247,kʰ-tʰyŋ,kʰ-tʰyŋ,kʰ tʰ y ŋ,,,64,
10-1247-1,,10,1247,kʰ-tʰyŋ,kʰ-tʰyŋ,kʰ tʰ y ŋ,,,64,
6-1247-1,,6,1247,kʰ-tʰyŋ-lɛ,kʰ-tʰyŋ-lɛ,kʰ tʰ y ŋ l ɛ,,,64,
9-1247-1,,9,1247,ga-tʰyŋ,ga-tʰyŋ,g a tʰ y ŋ,,,64,
4-1247-1,,4,1247,kʰɔ̃,kʰɔ̃,kʰ ɔ̃,,,65,
20-1247-1,,20,1247,kʰõ,kʰõ,kʰ õ,,,65,
21-1247-1,,21,1247,kʰõ,kʰõ,kʰ õ,,,65,
1-1247-1,,1,1247,kʰõ,kʰõ,kʰ õ,,,65,
7-1247-1,,7,1247,kʰõ,kʰõ,kʰ õ,,,65,
14-1247-1,,14,1247,kʰõ,kʰõ,kʰ õ,,,65,
2-1247-1,,2,1247,akuiN,akuiN,a k ui N/ɴ,,,65,
11-1247-1,,11,1247,akun,akun,a k u n,,,65,
16-1247-1,,16,1247,kot,kot,k o t,,,65,
18-1247-1,,18,1247,kuiʔ,kuiʔ,k ui ʔ,,,65,
3-1247-1,,3,1247,kuiʔ,kuiʔ,k ui ʔ,,,65,
12-1247-1,,12,1247,kuiʔ,kuiʔ,k ui ʔ,,,65,
5-1336-1,,5,1336,ʨʰa,ʨʰa,tɕʰ a,,,66,
8-1336-1,,8,1336,ʨʰa,ʨʰa,tɕʰ a,,,66,
17-1336-1,,17,1336,ʦʰu,ʦʰu,tsʰ u,,,66,
19-1336-1,,19,1336,ʨʰu,ʨʰu,tɕʰ u,,,66,
15-1336-1,,15,1336,ʨʰu,ʨʰu,tɕʰ u,,,66,
10-1336-1,,10,1336,ʨʰu,ʨʰu,tɕʰ u,,,66,
6-1336-1,,6,1336,ʨʰu,ʨʰu,tɕʰ u,,,66,
9-1336-1,,9,1336,ʦʰu,ʦʰu,tsʰ u,,,66,
4-1336-1,,4,1336,ʦiə,ʦiə,ts iə,,,67,
20-1336-1,,20,1336,ʧəmut,ʧəmut,tʃ ə m u t,,,67,
21-1336-1,,21,1336,ʧəmut,ʧəmut,tʃ ə m u t,,,67,
1-1336-1,,1,1336,ʧəmut,ʧəmut,tʃ ə m u t,,,67,
7-1336-1,,7,1336,ʧəmut,ʧəmut,tʃ ə m u t,,,67,
14-1336-1,,14,1336,ʧəmut,ʧəmut,tʃ ə m u t,,,67,
2-1336-1,,2,1336,ʧiː,ʧiː,tʃ iː,,,67,
11-1336-1,,11,1336,ʧiː,ʧiː,tʃ iː,,,67,
16-1336-1,,16,1336,ʧiː,ʧiː,tʃ iː,,,67,
18-1336-1,,18,1336,ʧiː,ʧiː,tʃ iː,,,67,
3-1336-1,,3,1336,ʧiː,ʧiː,tʃ iː,,,67,
12-1336-1,,12,1336,ʧiː,ʧiː,tʃ iː,,,67,
5-744-1,,5,744,hɔj-ʥɔŋ,hɔj-ʥɔŋ,h ɔ j dʑ ɔ ŋ,,,68,
8-744-1,,8,744,ʔɔ-gɔŋ,ʔɔ-gɔŋ,ʔ ɔ g ɔ ŋ,,,69,
17-744-1,,17,744,ʔa-juŋ,ʔa-juŋ,ʔ a j u ŋ,,,70,
19-744-1,,19,744,kʰlɔm,kʰlɔm,kʰ l ɔ m,,,71,
15-744-1,,15,744,ʔa-juŋ,ʔa-juŋ,ʔ a j u ŋ,,,70,
10-744-1,,10,744,ʔa-juŋ,ʔa-juŋ,ʔ a j u ŋ,,,70,
6-744-1,,6,744,ʔa-juŋ,ʔa-juŋ,ʔ a j u ŋ,,,70,
9-744-1,,9,744,ʔa-juŋ,ʔa-juŋ,ʔ a j u ŋ,,,70,
4-744-1,,4,744,əriː,əriː,ə r iː,,,72,
20-744-1,,20,744,kʰere,kʰere,kʰ e r e,,,72,
21-744-1,,21,744,kʰere,kʰere,kʰ e r e,,,72,
1-744-1,,1,744,eri,eri,e r i,,,72,
7-744-1,,7,744,kʰere,kʰere,kʰ e r e,,,72,
14-744-1,,14,744,kʰere,kʰere,kʰ e r e,,,72,
2-744-1,,2,744,awuN,awuN,a w u N/ɴ,,,70,
11-744-1,,11,744,aliː,aliː,a l iː,,,72,
16-744-1,,16,744,tju-li,tju-li,t j u l i,,,72,
18-744-1,,18,744,məriː,məriː,m ə r iː,,,72,
3-744-1,,3,744,məriː,məriː,m ə r iː,,,72,
12-744-1,,12,744,məriː,məriː,m ə r iː,,,72,
5-1248-1,,5,1248,kʰu-m,kʰu-m,kʰ u m,,,73,
8-1248-1,,8,1248,kʰu-mɔː,kʰu-mɔː,kʰ u m ɔː,,,73,
17-1248-1,,17,1248,kʰa-by,kʰa-by,kʰ a b y,,,73,
19-1248-1,,19,1248,kʰi-biː,kʰi-biː,kʰ i b iː,,,73,
15-1248-1,,15,1248,kʰam-by,kʰam-by,kʰ a m b y,,,73,
10-1248-1,,10,1248,kʰa-by,kʰa-by,kʰ a b y,,,73,
6-1248-1,,6,1248,kʰa-by,kʰa-by,kʰ a b y,,,73,
9-1248-1,,9,1248,ga-by,ga-by,g a b y,,,73,
4-1248-1,,4,1248,miɛk,miɛk,m iɛ k,,,74,
20-1248-1,,20,1248,mijak,mijak,m i j a k,,,74,
21-1248-1,,21,1248,mijak,mijak,m i j a k,,,74,
1-1248-1,,1,1248,mijak,mijak,m i j a k,,,74,
7-1248-1,,7,1248,mije,mije,m i j e,,,74,
14-1248-1,,14,1248,mijak,mijak,m i j a k,,,74,
2-1248-1,,2,1248,akəm,akəm,a k ə m,,,73,
11-1248-1,,11,1248,akəm,akəm,a k ə m,,,73,
16-1248-1,,16,1248,kəp,kəp,k ə p,,,73,
18-1248-1,,18,1248,kəʔ,kəʔ,k ə ʔ,,,73,
3-1248-1,,3,1248,kək,kək,k ə k,,,73,
12-1248-1,,12,1248,kək,kək,k ə k,,,73,
5-1406-1,,5,1406,tʰaːuɹiŋ,tʰaːuɹiŋ,tʰ aːu ɹ i ŋ,,,75,
8-1406-1,,8,1406,tʰaːuliŋ,tʰaːuliŋ,tʰ aːu l i ŋ,,,75,
17-1406-1,,17,1406,ʔa-ʨʰɔ̃ː,ʔa-ʨʰɔ̃ː,ʔ a tɕʰ ɔ̃ː,,,76,
19-1406-1,,19,1406,ʔa-ʨʰɔ̃ː,ʔa-ʨʰɔ̃ː,ʔ a tɕʰ ɔ̃ː,,,76,
15-1406-1,,15,1406,ʔa-ʨʰɔ̃ː,ʔa-ʨʰɔ̃ː,ʔ a tɕʰ ɔ̃ː,,,76,
10-1406-1,,10,1406,ʔa-ʨʰɔ̃ː,ʔa-ʨʰɔ̃ː,ʔ a tɕʰ ɔ̃ː,,,76,
6-1406-1,,6,1406,ʔa-ʨʰãː,ʔa-ʨʰãː,ʔ a tɕʰ ãː,,,76,
9-1406-1,,9,1406,ʔa-ʨʰɔ̃ː,ʔa-ʨʰɔ̃ː,ʔ a tɕʰ ɔ̃ː,,,76,
4-1406-1,,4,1406,rɛʔɛ_ruaŋ,rɛʔɛ_ruaŋ,r ɛ ʔ ɛ r ua ŋ,,,75,
20-1406-1,,20,1406,rᵘaŋ,rᵘaŋ,r ᵘ/w a ŋ,,,75,
21-1406-1,,21,1406,ruwaŋ,ruwaŋ,r u w a ŋ,,,75,
1-1406-1,,1,1406,rᵘaŋ,rᵘaŋ,r ᵘ/w a ŋ,,,75,
7-1406-1,,7,1406,rᵘaŋ,rᵘaŋ,r ᵘ/w a ŋ,,,75,
14-1406-1,,14,1406,rᵘaŋ,rᵘaŋ,r ᵘ/w a ŋ,,,75,
2-1406-1,,2,1406,aʧoi,aʧoi,a tʃ oi,,,76,
11-1406-1,,11,1406,aʧai,aʧai,a tʃ ai,,,76,
16-1406-1,,16,1406,aʧai,aʧai,a tʃ ai,,,76,
18-1406-1,,18,1406,kjeː,kjeː,k j eː,,,76,
3-1406-1,,3,1406,aʧjeː,aʧjeː,a tʃ j eː,,,76,
12-1406-1,,12,1406,aʧjeː,aʧjeː,a tʃ j eː,,,76,
5-1688-1,,5,1688,ʔɔ-jɔw,ʔɔ-jɔw,ʔ ɔ j ɔ w,,,77,
8-1688-1,,8,1688,ʔɔ-ju,ʔɔ-ju,ʔ ɔ j u,,,77,
17-1688-1,,17,1688,ʔa-jɔː,ʔa-jɔː,ʔ a j ɔː,,,77,
19-1688-1,,19,1688,ʔa-jɔː,ʔa-jɔː,ʔ a j ɔː,,,77,
15-1688-1,,15,1688,ʔa-jɔw,ʔa-jɔw,ʔ a j ɔ w,,,77,
10-1688-1,,10,1688,ʔa-jɔː,ʔa-jɔː,ʔ a j ɔː,,,77,
6-1688-1,,6,1688,ʔa-jɔː,ʔa-jɔː,ʔ a j ɔː,,,77,
9-1688-1,,9,1688,ʔa-jɔː,ʔa-jɔː,ʔ a j ɔː,,,77,
4-1688-1,,4,1688,əjou,əjou,ə j ou,,,77,
20-1688-1,,20,1688,eju,eju,e j u,,,77,
21-1688-1,,21,1688,eju,eju,e j u,,,77,
1-1688-1,,1,1688,eju,eju,e j u,,,77,
7-1688-1,,7,1688,ejo,ejo,e j o,,,77,
14-1688-1,,14,1688,ejo,ejo,e j o,,,77,
2-1688-1,,2,1688,aʒɔː,aʒɔː,a ʒ ɔː,,,77,
11-1688-1,,11,1688,azjaː,azjaː,a z j aː,,,77,
16-1688-1,,16,1688,azjaː,azjaː,a z j aː,,,77,
18-1688-1,,18,1688,azua,azua,a z ua,,,77,
3-1688-1,,3,1688,azua,azua,a z ua,,,77,
12-1688-1,,12,1688,aʤua,aʤua,a dʒ ua,,,77,
5-1258-1,,5,1258,hut-ʦun,hut-ʦun,h u t ts u n,,,78,
8-1258-1,,8,1258,hut-ʨʰin,hut-ʨʰin,h u t tɕʰ i n,,,78,
17-1258-1,,17,1258,ʔikʦiŋ,ʔikʦiŋ,ʔ i k ts i ŋ,,,78,
19-1258-1,,19,1258,ʔik’kjiŋ,ʔik’kjiŋ,ʔ i k k j i ŋ,,,78,
15-1258-1,,15,1258,ʔik̚-ʨiŋ,ʔik̚-ʨiŋ,ʔ i k̚/k tɕ i ŋ,,,78,
10-1258-1,,10,1258,ʔik̚-ʦiŋ,ʔik̚-ʦiŋ,ʔ i k̚/k ts i ŋ,,,78,
6-1258-1,,6,1258,ʔik̚-ʨʰiŋ,ʔik̚-ʨʰiŋ,ʔ i k̚/k tɕʰ i ŋ,,,78,
9-1258-1,,9,1258,ʔik̚-ʦiŋ,ʔik̚-ʦiŋ,ʔ i k̚/k ts i ŋ,,,78,
4-1258-1,,4,1258,bəsɛn,bəsɛn,b ə s ɛ n,,,78,
20-1258-1,,20,1258,bəsen,bəsen,b ə s e n,,,78,
21-1258-1,,21,1258,pəʧijat,pəʧijat,p ə tʃ i j a t,,,78,
1-1258-1,,1,1258,bəsen,bəsen,b ə s e n,,,78,
7-1258-1,,7,1258,pə̌sen,pə̌sen,p ə̌/ə s e n,,,78,
14-1258-1,,14,1258,pəʃen,pəʃen,p ə ʃ e n,,,78,
2-1258-1,,2,1258,ageʔ_gəsɨn,ageʔ_gəsɨn,a g e ʔ g ə s ɨ n,,,78,
11-1258-1,,11,1258,geiʃin,geiʃin,g ei ʃ i n,,,78,
16-1258-1,,16,1258,gəsin,gəsin,g ə s i n,,,78,
18-1258-1,,18,1258,geisiŋ,geisiŋ,g ei s i ŋ,,,78,
3-1258-1,,3,1258,geisiʔ,geisiʔ,g ei s i ʔ,,,78,
12-1258-1,,12,1258,geisiʔ,geisiʔ,g ei s i ʔ,,,78,
5-221-1,,5,221,bɛj,bɛj,b ɛ j,,,79,
8-221-1,,8,221,bej,bej,b e j,,,79,
17-221-1,,17,221,ba,ba,b a,,,79,
19-221-1,,19,221,ba,ba,b a,,,79,
15-221-1,,15,221,bɛ,bɛ,b ɛ,,,79,
10-221-1,,10,221,bɛ,bɛ,b ɛ,,,79,
6-221-1,,6,221,bɛ,bɛ,b ɛ,,,79,
9-221-1,,9,221,ba,ba,b a,,,79,
4-221-1,,4,221,boːɛ,boːɛ,b oːɛ,,,79,
20-221-1,,20,221,boᵉ,boᵉ,b oᵉ/o,,,79,
21-221-1,,21,221,boᵉ,boᵉ,b oᵉ/o,,,79,
1-221-1,,1,221,boᵉ,boᵉ,b oᵉ/o,,,79,
7-221-1,,7,221,baⁱ,baⁱ,b aⁱ,,,79,
14-221-1,,14,221,boᵉ,boᵉ,b oᵉ/o,,,79,
2-221-1,,2,221,bɛː,bɛː,b ɛː,,,79,
11-221-1,,11,221,bai,bai,b ai,,,79,
16-221-1,,16,221,bai,bai,b ai,,,79,
18-221-1,,18,221,bɛː,bɛː,b ɛː,,,79,
3-221-1,,3,221,bae,bae,b ae,,,79,
12-221-1,,12,221,bɛː,bɛː,b ɛː,,,79,
5-227-1,,5,227,ŋa,ŋa,ŋ a,,,80,
8-227-1,,8,227,ŋa,ŋa,ŋ a,,,80,
17-227-1,,17,227,ɲu,ɲu,ɲ u,,,80,
19-227-1,,19,227,ɲu,ɲu,ɲ u,,,80,
15-227-1,,15,227,nu,nu,n u,,,80,
10-227-1,,10,227,nu,nu,n u,,,80,
6-227-1,,6,227,nu,nu,n u,,,80,
9-227-1,,9,227,nu,nu,n u,,,80,
4-227-1,,4,227,ũə,ũə,ũə,,,80,
20-227-1,,20,227,ūa,ūa,ūa,,,80,
21-227-1,,21,227,ūa,ūa,ūa,,,80,
1-227-1,,1,227,uŋa,uŋa,u ŋ a,,,80,
7-227-1,,7,227,ūa,ūa,ūa,,,80,
14-227-1,,14,227,uŋə̄,uŋə̄,u ŋ ə̄/ə,,,80,
2-227-1,,2,227,ʧui,ʧui,tʃ ui,,,81,
11-227-1,,11,227,ʧui,ʧui,tʃ ui,,,81,
16-227-1,,16,227,ʧuei,ʧuei,tʃ uei,,,81,
18-227-1,,18,227,ɲoː,ɲoː,ɲ oː,,,80,
3-227-1,,3,227,kahuaŋ,kahuaŋ,k a h ua ŋ,,,82,
12-227-1,,12,227,kahuaŋ,kahuaŋ,k a h ua ŋ,,,82,
5-2615-1,,5,2615,ɕa,ɕa,ɕ a,,,83,
8-2615-1,,8,2615,ɕa,ɕa,ɕ a,,,83,
17-2615-1,,17,2615,su,su,s u,,,83,
19-2615-1,,19,2615,su,su,s u,,,83,
15-2615-1,,15,2615,su,su,s u,,,83,
10-2615-1,,10,2615,su,su,s u,,,83,
6-2615-1,,6,2615,su,su,s u,,,83,
9-2615-1,,9,2615,ʂu,ʂu,ʂ u,,,83,
4-2615-1,,4,2615,eːɕau,eːɕau,eː ɕ au,,,83,
20-2615-1,,20,2615,epije,epije,e p i j e,,,84,
21-2615-1,,21,2615,epije,epije,e p i j e,,,84,
1-2615-1,,1,2615,ebije,ebije,e b i j e,,,84,
7-2615-1,,7,2615,məbi,məbi,m ə b i,,,84,
14-2615-1,,14,2615,ebei,ebei,e b ei,,,84,
2-2615-1,,2,2615,ʃiː,ʃiː,ʃ iː,,,83,
11-2615-1,,11,2615,mai,mai,m ai,,,85,
16-2615-1,,16,2615,mai,mai,m ai,,,85,
18-2615-1,,18,2615,məreʔ,məreʔ,m ə r e ʔ,,,86,
3-2615-1,,3,2615,mərjeʔ,mərjeʔ,m ə r j e ʔ,,,86,
12-2615-1,,12,2615,mərjeʔ,mərjeʔ,m ə r j e ʔ,,,86,
5-1441-1,,5,1441,ɕɛɹ,ɕɛɹ,ɕ ɛ ɹ,,,87,
8-1441-1,,8,1441,ɕɛl,ɕɛl,ɕ ɛ l,,,87,
17-1441-1,,17,1441,ʦʰan,ʦʰan,tsʰ a n,,,87,
19-1441-1,,19,1441,ʨʰan,ʨʰan,tɕʰ a n,,,87,
15-1441-1,,15,1441,ʨʰɛm,ʨʰɛm,tɕʰ ɛ m,,,87,
10-1441-1,,10,1441,ʨʰan,ʨʰan,tɕʰ a n,,,87,
6-1441-1,,6,1441,ʨʰɛn,ʨʰɛn,tɕʰ ɛ n,,,87,
9-1441-1,,9,1441,ʦʰɛn,ʦʰɛn,tsʰ ɛ n,,,87,
4-1441-1,,4,1441,məʦo,məʦo,m ə ts o,,,88,
20-1441-1,,20,1441,kʰemage,kʰemage,kʰ e m a g e,,,89,
21-1441-1,,21,1441,kʰeⁱ,kʰeⁱ,kʰ eⁱ/e,,,89,
1-1441-1,,1,1441,kʰeⁱ,kʰeⁱ,kʰ eⁱ/e,,,89,
7-1441-1,,7,1441,kʰeŋpʰa,kʰeŋpʰa,kʰ e ŋ pʰ a,,,89,
14-1441-1,,14,1441,kʰeⁱpʰa,kʰeⁱpʰa,kʰ eⁱ/e pʰ a,,,89,
2-1441-1,,2,1441,kiː,kiː,k iː,,,89,
11-1441-1,,11,1441,kɹei,kɹei,k ɹ ei,,,89,
16-1441-1,,16,1441,kei,kei,k ei,,,89,
18-1441-1,,18,1441,piʔ,piʔ,p i ʔ,,,90,
3-1441-1,,3,1441,pjeʔ,pjeʔ,p j e ʔ,,,90,
12-1441-1,,12,1441,pjiʔ,pjiʔ,p j i ʔ,,,90,
5-1429-1,,5,1429,pɕiŋ-ba,pɕiŋ-ba,p ɕ i ŋ b a,,,91,
8-1429-1,,8,1429,pɕiŋ-ba,pɕiŋ-ba,p ɕ i ŋ b a,,,91,
17-1429-1,,17,1429,pʰiŋ-ba,pʰiŋ-ba,pʰ i ŋ b a,,,91,
19-1429-1,,19,1429,pʰiŋ-ba,pʰiŋ-ba,pʰ i ŋ b a,,,91,
15-1429-1,,15,1429,ʔa-pʰiŋ,ʔa-pʰiŋ,ʔ a pʰ i ŋ,,,91,
10-1429-1,,10,1429,ʔa-pʰiŋ,ʔa-pʰiŋ,ʔ a pʰ i ŋ,,,91,
6-1429-1,,6,1429,ʔa-pʰiŋ,ʔa-pʰiŋ,ʔ a pʰ i ŋ,,,91,
9-1429-1,,9,1429,ʔa-pʰiŋ,ʔa-pʰiŋ,ʔ a pʰ i ŋ,,,91,
4-1429-1,,4,1429,əlijeː,əlijeː,ə l i j eː,,,92,
20-1429-1,,20,1429,lija,lija,l i j a,,,92,
21-1429-1,,21,1429,elija,elija,e l i j a,,,92,
1-1429-1,,1,1429,leⁱ,leⁱ,l eⁱ/e,,,92,
7-1429-1,,7,1429,leⁱ,leⁱ,l eⁱ/e,,,92,
14-1429-1,,14,1429,eleⁱ,eleⁱ,e l eⁱ/e,,,92,
2-1429-1,,2,1429,ljɛː,ljɛː,l j ɛː,,,92,
11-1429-1,,11,1429,jei,jei,j ei,,,92,
16-1429-1,,16,1429,ljɛi,ljɛi,l j ɛi,,,92,
18-1429-1,,18,1429,lɛː,lɛː,l ɛː,,,92,
3-1429-1,,3,1429,ljɛː,ljɛː,l j ɛː,,,92,
12-1429-1,,12,1429,ljɛː,ljɛː,l j ɛː,,,92,
5-1447-1,,5,1447,ɕi,ɕi,ɕ i,,,93,
8-1447-1,,8,1447,ɕi,ɕi,ɕ i,,,93,
17-1447-1,,17,1447,ʨʰi,ʨʰi,tɕʰ i,,,93,
19-1447-1,,19,1447,kʰji,kʰji,kʰ j i,,,93,
15-1447-1,,15,1447,ʨʰi,ʨʰi,tɕʰ i,,,93,
10-1447-1,,10,1447,ʨʰi,ʨʰi,tɕʰ i,,,93,
6-1447-1,,6,1447,ʨʰi,ʨʰi,tɕʰ i,,,93,
9-1447-1,,9,1447,ʦʰi,ʦʰi,tsʰ i,,,93,
4-1447-1,,4,1447,pʰy,pʰy,pʰ y,,,93,
20-1447-1,,20,1447,pʰimage,pʰimage,pʰ i m a g e,,,93,
21-1447-1,,21,1447,pʰi,pʰi,pʰ i,,,93,
1-1447-1,,1,1447,pʰipʰa,pʰipʰa,pʰ i pʰ a,,,93,
7-1447-1,,7,1447,pʰipʰa,pʰipʰa,pʰ i pʰ a,,,93,
14-1447-1,,14,1447,pʰi,pʰi,pʰ i,,,93,
2-1447-1,,2,1447,taN,taN,t a N/ɴ,,,94,
11-1447-1,,11,1447,taŋ,taŋ,t a ŋ,,,94,
16-1447-1,,16,1447,taʔ,taʔ,t a ʔ,,,94,
18-1447-1,,18,1447,taŋ,taŋ,t a ŋ,,,94,
3-1447-1,,3,1447,taŋ,taŋ,t a ŋ,,,94,
12-1447-1,,12,1447,taŋ,taŋ,t a ŋ,,,94,
5-695-1,,5,695,wa,wa,w a,,,95,
8-695-1,,8,695,wa,wa,w a,,,95,
17-695-1,,17,695,rɔ,rɔ,r ɔ,,,96,
19-695-1,,19,695,ro,ro,r o,,,96,
15-695-1,,15,695,rɔ,rɔ,r ɔ,,,96,
10-695-1,,10,695,rɔ,rɔ,r ɔ,,,96,
6-695-1,,6,695,rɔ,rɔ,r ɔ,,,96,
9-695-1,,9,695,rɔ,rɔ,r ɔ,,,96,
4-695-1,,4,695,wuə,wuə,w uə,,,95,
20-695-1,,20,695,lua,lua,l ua,,,97,
21-695-1,,21,695,vəwa,vəwa,v ə w a,,,95,
1-695-1,,1,695,tʰevəə,tʰevəə,tʰ e v əː,,,95,
7-695-1,,7,695,dun,dun,d u n,,,98,
14-695-1,,14,695,vəopʰa,vəopʰa,v əo pʰ a,,,95,
2-695-1,,2,695,vuː,vuː,v uː,,,95,
11-695-1,,11,695,wuː,wuː,w uː,,,95,
16-695-1,,16,695,woː,woː,w oː,,,95,
18-695-1,,18,695,uː,uː,uː,,,95,
3-695-1,,3,695,uː,uː,uː,,,95,
12-695-1,,12,695,uː,uː,uː,,,95,
5-1035-1,,5,1035,ʔɔ-ʥɔp̚,ʔɔ-ʥɔp̚,ʔ ɔ dʑ ɔ p̚/p,,,99,
8-1035-1,,8,1035,nakpa,nakpa,n a k p a,,,100,
17-1035-1,,17,1035,ʔa-gjap,ʔa-gjap,ʔ a g j a p,,,99,
19-1035-1,,19,1035,ʔa-ʥap,ʔa-ʥap,ʔ a dʑ a p,,,99,
15-1035-1,,15,1035,ʔa-ʥap,ʔa-ʥap,ʔ a dʑ a p,,,99,
10-1035-1,,10,1035,ʔa-ʥap,ʔa-ʥap,ʔ a dʑ a p,,,99,
6-1035-1,,6,1035,ʔa-ʥɛ,ʔa-ʥɛ,ʔ a dʑ ɛ,,,99,
9-1035-1,,9,1035,ʔa-d͡ʐa,ʔa-d͡ʐa,ʔ a ɖʐ a,,,99,
4-1035-1,,4,1035,əviə,əviə,ə v iə,,,101,
20-1035-1,,20,1035,avije,avije,a v i j e,,,101,
21-1035-1,,21,1035,avije,avije,a v i j e,,,101,
1-1035-1,,1,1035,avije,avije,a v i j e,,,101,
7-1035-1,,7,1035,avije,avije,a v i j e,,,101,
14-1035-1,,14,1035,avije,avije,a v i j e,,,101,
2-1035-1,,2,1035,amjɛː,amjɛː,a m j ɛː,,,102,
11-1035-1,,11,1035,anjam,anjam,a n j a m,,,103,
16-1035-1,,16,1035,anjam,anjam,a n j a m,,,103,
18-1035-1,,18,1035,ajɨː,ajɨː,a j ɨː,,,104,
3-1035-1,,3,1035,anjaŋ,anjaŋ,a n j a ŋ,,,103,
12-1035-1,,12,1035,anjaŋ,anjaŋ,a n j a ŋ,,,103,
5-2648-1,,5,2648,kʰu-ɕaŋ,kʰu-ɕaŋ,kʰ u ɕ a ŋ,,,105,
8-2648-1,,8,2648,kʰu-ɕaŋ,kʰu-ɕaŋ,kʰ u ɕ a ŋ,,,105,
17-2648-1,,17,2648,gə-zaŋ,gə-zaŋ,g ə z a ŋ,,,105,
19-2648-1,,19,2648,gə-zaŋ,gə-zaŋ,g ə z a ŋ,,,105,
15-2648-1,,15,2648,gə-zaŋ,gə-zaŋ,g ə z a ŋ,,,105,
10-2648-1,,10,2648,gə-zaŋ,gə-zaŋ,g ə z a ŋ,,,105,
6-2648-1,,6,2648,gə-zaŋ,gə-zaŋ,g ə z a ŋ,,,105,
9-2648-1,,9,2648,gə-ʐaŋ,gə-ʐaŋ,g ə ʐ a ŋ,,,105,
4-2648-1,,4,2648,kʰazijɔŋ,kʰazijɔŋ,kʰ a z i j ɔ ŋ,,,105,
20-2648-1,,20,2648,kʰazijaŋ,kʰazijaŋ,kʰ a z i j a ŋ,,,105,
21-2648-1,,21,2648,kʰazijaᵘ,kʰazijaᵘ,kʰ a z i j aᵘ/a,,,105,
1-2648-1,,1,2648,kʰazijaŋ,kʰazijaŋ,kʰ a z i j a ŋ,,,105,
7-2648-1,,7,2648,kʰazijaŋ,kʰazijaŋ,kʰ a z i j a ŋ,,,105,
14-2648-1,,14,2648,kʰazijaŋ,kʰazijaŋ,kʰ a z i j a ŋ,,,105,
2-2648-1,,2,2648,kə-zaN,kə-zaN,k ə z a N/ɴ,,,105,
11-2648-1,,11,2648,kə-zjaŋ,kə-zjaŋ,k ə z j a ŋ,,,105,
16-2648-1,,16,2648,kə-zjaʔ,kə-zjaʔ,k ə z j a ʔ,,,105,
18-2648-1,,18,2648,kə-zaʔ,kə-zaʔ,k ə z a ʔ,,,105,
3-2648-1,,3,2648,kə-zak,kə-zak,k ə z a k,,,105,
12-2648-1,,12,2648,kəʤaʔ,kəʤaʔ,k ə dʒ a ʔ,,,105,
5-1884-1,,5,1884,kaktar,kaktar,k a k t a r,,,106,
8-1884-1,,8,1884,kaktal,kaktal,k a k t a l,,,106,
17-1884-1,,17,1884,ʔa-ʦu,ʔa-ʦu,ʔ a ts u,,,107,
19-1884-1,,19,1884,ʔa-ʨu,ʔa-ʨu,ʔ a tɕ u,,,107,
15-1884-1,,15,1884,ʔa-ʨu,ʔa-ʨu,ʔ a tɕ u,,,107,
10-1884-1,,10,1884,ʔa-ʨu,ʔa-ʨu,ʔ a tɕ u,,,107,
6-1884-1,,6,1884,ʔa-ʨu,ʔa-ʨu,ʔ a tɕ u,,,107,
9-1884-1,,9,1884,ʔa-xɔ̃ŋ,ʔa-xɔ̃ŋ,ʔ a x ɔ̃ ŋ,,,108,
4-1884-1,,4,1884,əkɔŋ,əkɔŋ,ə k ɔ ŋ,,,108,
2-1884-1,,2,1884,aʃɔN,aʃɔN,a ʃ ɔ N/ɴ,,,109,
11-1884-1,,11,1884,ahɹan,ahɹan,a h ɹ a n,,,110,
18-1884-1,,18,1884,gaː,gaː,g aː,,,111,
3-1884-1,,3,1884,akaː,akaː,a k aː,,,111,
12-1884-1,,12,1884,akaː,akaː,a k aː,,,111,
5-1256-1,,5,1256,kʰɔ-lɔk̚,kʰɔ-lɔk̚,kʰ ɔ l ɔ k̚,,,112,
8-1256-1,,8,1256,kʰɔ-lɔk̚,kʰɔ-lɔk̚,kʰ ɔ l ɔ k̚,,,112,
17-1256-1,,17,1256,kʰ-ruk̚,kʰ-ruk̚,kʰ r u k̚,,,112,
19-1256-1,,19,1256,kʰ-ruk̚,kʰ-ruk̚,kʰ r u k̚,,,112,
15-1256-1,,15,1256,kʰ-ruk̚,kʰ-ruk̚,kʰ r u k̚,,,112,
10-1256-1,,10,1256,kʰ-ruk̚,kʰ-ruk̚,kʰ r u k̚,,,112,
6-1256-1,,6,1256,kʰ-ruk̚,kʰ-ruk̚,kʰ r u k̚,,,112,
9-1256-1,,9,1256,mətʰɛ̃n,mətʰɛ̃n,m ə tʰ ɛ̃ n,,,113,
4-1256-1,,4,1256,kʰruk,kʰruk,kʰ r u k,,,112,
20-1256-1,,20,1256,kʰɾuk,kʰɾuk,kʰ ɾ u k,,,112,
21-1256-1,,21,1256,kijatuŋ,kijatuŋ,k i j a t u ŋ,,,114,
1-1256-1,,1,1256,kʰɾuk,kʰɾuk,kʰ ɾ u k,,,112,
7-1256-1,,7,1256,kʰɾuk,kʰɾuk,kʰ ɾ u k,,,112,
14-1256-1,,14,1256,kʰɾuk,kʰɾuk,kʰ ɾ u k,,,112,
2-1256-1,,2,1256,akuŋ,akuŋ,a k u ŋ,,,112,
11-1256-1,,11,1256,akuŋbəː,akuŋbəː,a k u ŋ b əː,,,112,
16-1256-1,,16,1256,koʔ-bəu,koʔ-bəu,k o ʔ b əu,,,112,
18-1256-1,,18,1256,akoʔ,akoʔ,a k o ʔ,,,112,
3-1256-1,,3,1256,akok,akok,a k o k,,,112,
12-1256-1,,12,1256,akok,akok,a k o k,,,112,
5-1408-1,,5,1408,ʥas,ʥas,dʑ a s,,,115,
8-1408-1,,8,1408,kʰa_la,kʰa_la,kʰ a l a,,,116,
17-1408-1,,17,1408,jɔ,jɔ,j ɔ,,,117,
19-1408-1,,19,1408,jo,jo,j o,,,117,
15-1408-1,,15,1408,jɔ̃,jɔ̃,j ɔ̃,,,117,
10-1408-1,,10,1408,jɔ̃,jɔ̃,j ɔ̃,,,117,
6-1408-1,,6,1408,jɔ̃,jɔ̃,j ɔ̃,,,117,
9-1408-1,,9,1408,jɔ̃,jɔ̃,j ɔ̃,,,117,
4-1408-1,,4,1408,jɔi,jɔi,j ɔi,,,117,
20-1408-1,,20,1408,nuvamage,nuvamage,n u v a m a g e,,,118,
21-1408-1,,21,1408,nūa,nūa,n ūa,,,118,
1-1408-1,,1,1408,joⁱpʰa,joⁱpʰa,j oⁱ/o pʰ a,,,117,
7-1408-1,,7,1408,nuapʰa,nuapʰa,n ua pʰ a,,,118,
14-1408-1,,14,1408,joⁱ,joⁱ,j oⁱ/o,,,117,
2-1408-1,,2,1408,nɨŋ,nɨŋ,n ɨ ŋ,,,118,
11-1408-1,,11,1408,nuŋ,nuŋ,n u ŋ,,,118,
16-1408-1,,16,1408,noŋ,noŋ,n o ŋ,,,118,
18-1408-1,,18,1408,roŋ,roŋ,r o ŋ,,,118,
3-1408-1,,3,1408,roŋ,roŋ,r o ŋ,,,118,
12-1408-1,,12,1408,roŋ,roŋ,r o ŋ,,,118,
5-1210-1,,5,1210,u-li,u-li,u l i,,,119,
8-1210-1,,8,1210,u-li,u-li,u l i,,,119,
17-1210-1,,17,1210,ʔa-liː,ʔa-liː,ʔ a l iː,,,119,
19-1210-1,,19,1210,ʔa-liː,ʔa-liː,ʔ a l iː,,,119,
15-1210-1,,15,1210,ʔa-liː,ʔa-liː,ʔ a l iː,,,119,
10-1210-1,,10,1210,ʔa-liː,ʔa-liː,ʔ a l iː,,,119,
6-1210-1,,6,1210,ʔa-liː,ʔa-liː,ʔ a l iː,,,119,
9-1210-1,,9,1210,ʔa-liː,ʔa-liː,ʔ a l iː,,,119,
4-1210-1,,4,1210,ə-lai,ə-lai,ə l ai,,,119,
20-1210-1,,20,1210,laⁱ,laⁱ,l aⁱ,,,119,
21-1210-1,,21,1210,elaⁱ,elaⁱ,e l aⁱ,,,119,
1-1210-1,,1,1210,laⁱ,laⁱ,l aⁱ,,,119,
7-1210-1,,7,1210,laⁱ,laⁱ,l aⁱ,,,119,
14-1210-1,,14,1210,elaⁱ,elaⁱ,e l aⁱ,,,119,
2-1210-1,,2,1210,a-lɨː,a-lɨː,a l ɨː,,,119,
11-1210-1,,11,1210,a-lei,a-lei,a l ei,,,119,
16-1210-1,,16,1210,a-lei,a-lei,a l ei,,,119,
18-1210-1,,18,1210,a-lei,a-lei,a l ei,,,119,
3-1210-1,,3,1210,a-lei,a-lei,a l ei,,,119,
12-1210-1,,12,1210,a-lei,a-lei,a l ei,,,119,
5-2486-1,,5,2486,uk,uk,u k,,,120,
8-2486-1,,8,2486,uk,uk,u k,,,120,
17-2486-1,,17,2486,uk,uk,u k,,,120,
19-2486-1,,19,2486,uk,uk,u k,,,120,
15-2486-1,,15,2486,uk,uk,u k,,,120,
10-2486-1,,10,2486,uk,uk,u k,,,120,
6-2486-1,,6,2486,uk,uk,u k,,,120,
9-2486-1,,9,2486,uk,uk,u k,,,120,
4-2486-1,,4,2486,uk,uk,u k,,,120,
2-2486-1,,2,2486,uʔ,uʔ,u ʔ,,,120,
11-2486-1,,11,2486,ɨʔ,ɨʔ,ɨ ʔ,,,120,
16-2486-1,,16,2486,əə,əə,əː,,,120,
18-2486-1,,18,2486,rjaŋ-əː,rjaŋ-əː,r j a ŋ əː,,,120,
3-2486-1,,3,2486,rou-gəə,rou-gəə,r ou g əː,,,121,
12-2486-1,,12,2486,rou-gəə,rou-gəə,r ou g əː,,,121,
5-1417-1,,5,1417,ʔat,ʔat,ʔ a t,,,122,
8-1417-1,,8,1417,ʔat,ʔat,ʔ a t,,,122,
17-1417-1,,17,1417,ʔɔ,ʔɔ,ʔ ɔ,,,122,
19-1417-1,,19,1417,ʔo,ʔo,ʔ o,,,122,
15-1417-1,,15,1417,ʔɔ,ʔɔ,ʔ ɔ,,,122,
10-1417-1,,10,1417,ʔɔ,ʔɔ,ʔ ɔ,,,122,
6-1417-1,,6,1417,ʔɔ,ʔɔ,ʔ ɔ,,,122,
9-1417-1,,9,1417,ʔɔ,ʔɔ,ʔ ɔ,,,122,
4-1417-1,,4,1417,uːə,uːə,uːə,,,123,
20-1417-1,,20,1417,wamage,wamage,w a m a g e,,,123,
21-1417-1,,21,1417,ua,ua,ua,,,123,
1-1417-1,,1,1417,uapʰa,uapʰa,u a pʰ a,,,123,
7-1417-1,,7,1417,uapʰa,uapʰa,u a pʰ a,,,123,
14-1417-1,,14,1417,ua,ua,ua,,,123,
2-1417-1,,2,1417,wɛʔ,wɛʔ,w ɛ ʔ,,,123,
11-1417-1,,11,1417,aiʔ,aiʔ,a i ʔ,,,122,
16-1417-1,,16,1417,at,at,a t,,,122,
18-1417-1,,18,1417,aiʔ,aiʔ,a i ʔ,,,122,
3-1417-1,,3,1417,aiʔ,aiʔ,a i ʔ,,,122,
12-1417-1,,12,1417,aiʔ,aiʔ,a i ʔ,,,122,
5-124-1,,5,124,kʰjaŋ,kʰjaŋ,kʰ j a ŋ,,,124,
8-124-1,,8,124,kʰɛŋ,kʰɛŋ,kʰ ɛ ŋ,,,124,
17-124-1,,17,124,kʰɛŋ,kʰɛŋ,kʰ ɛ ŋ,,,124,
19-124-1,,19,124,kʰɛŋ,kʰɛŋ,kʰ ɛ ŋ,,,124,
15-124-1,,15,124,ʨʰɛŋ,ʨʰɛŋ,tɕʰ ɛ ŋ,,,124,
10-124-1,,10,124,ʨʰɛŋ,ʨʰɛŋ,tɕʰ ɛ ŋ,,,124,
6-124-1,,6,124,ʨʰɛŋ,ʨʰɛŋ,tɕʰ ɛ ŋ,,,124,
9-124-1,,9,124,ʈ͡ʂʰajŋ,ʈ͡ʂʰajŋ,ʈʂʰ a j ŋ,,,124,
4-124-1,,4,124,əriɔŋ,əriɔŋ,ə r iɔ ŋ,,,125,
20-124-1,,20,124,erijaŋ,erijaŋ,e r i j a ŋ,,,125,
21-124-1,,21,124,erijok,erijok,e r i j o k,,,125,
1-124-1,,1,124,erijaŋ,erijaŋ,e r i j a ŋ,,,125,
7-124-1,,7,124,erijaŋ,erijaŋ,e r i j a ŋ,,,125,
14-124-1,,14,124,erijaŋ,erijaŋ,e r i j a ŋ,,,125,
2-124-1,,2,124,akjɛN,akjɛN,a k j ɛ N/ɴ,,,124,
11-124-1,,11,124,akɹan,akɹan,a k ɹ a n,,,124,
16-124-1,,16,124,akɹɛt,akɹɛt,a k ɹ ɛ t,,,124,
18-124-1,,18,124,akuaŋ,akuaŋ,a k ua ŋ,,,126,
3-124-1,,3,124,kowaŋ,kowaŋ,k o w a ŋ,,,126,
12-124-1,,12,124,kowaŋ,kowaŋ,k o w a ŋ,,,126,
5-1252-1,,5,1252,wam,wam,w a m,,,127,
8-1252-1,,8,1252,wam,wam,w a m,,,127,
17-1252-1,,17,1252,jam,jam,j a m,,,127,
19-1252-1,,19,1252,jam,jam,j a m,,,127,
15-1252-1,,15,1252,jam,jam,j a m,,,127,
10-1252-1,,10,1252,jam,jam,j a m,,,127,
6-1252-1,,6,1252,jan,jan,j a n,,,127,
9-1252-1,,9,1252,jan,jan,j a n,,,127,
4-1252-1,,4,1252,hõ,hõ,h õ,,,128,
20-1252-1,,20,1252,hõ,hõ,h õ,,,128,
21-1252-1,,21,1252,hõ,hõ,h õ,,,128,
1-1252-1,,1,1252,hõ,hõ,h õ,,,128,
7-1252-1,,7,1252,hõ,hõ,h õ,,,128,
14-1252-1,,14,1252,hõ,hõ,h õ,,,128,
2-1252-1,,2,1252,ham,ham,h a m,,,128,
11-1252-1,,11,1252,ham,ham,h a m,,,128,
16-1252-1,,16,1252,ham,ham,h a m,,,128,
18-1252-1,,18,1252,haʔ,haʔ,h a ʔ,,,128,
3-1252-1,,3,1252,ʧuʔ,ʧuʔ,tʃ u ʔ,,,129,
12-1252-1,,12,1252,ʧuʔ,ʧuʔ,tʃ u ʔ,,,129,
5-1460-1,,5,1460,naŋ,naŋ,n a ŋ,,,130,
8-1460-1,,8,1460,naŋ,naŋ,n a ŋ,,,130,
17-1460-1,,17,1460,ʔa-lyŋ,ʔa-lyŋ,ʔ a l y ŋ,,,131,
19-1460-1,,19,1460,ʔa-luŋ,ʔa-luŋ,ʔ a l u ŋ,,,131,
15-1460-1,,15,1460,ʔa-lyŋ,ʔa-lyŋ,ʔ a l y ŋ,,,131,
10-1460-1,,10,1460,ʔa-lyŋ,ʔa-lyŋ,ʔ a l y ŋ,,,131,
6-1460-1,,6,1460,ʔa-lyŋ,ʔa-lyŋ,ʔ a l y ŋ,,,131,
9-1460-1,,9,1460,ʔa-lyŋ,ʔa-lyŋ,ʔ a l y ŋ,,,131,
4-1460-1,,4,1460,pʨʰau,pʨʰau,p tɕʰ au,,,132,
2-1460-1,,2,1460,alɨŋ,alɨŋ,a l ɨ ŋ,,,131,
11-1460-1,,11,1460,aloŋ,aloŋ,a l o ŋ,,,131,
18-1460-1,,18,1460,araŋ,araŋ,a r a ŋ,,,133,
3-1460-1,,3,1460,aɹaŋ,aɹaŋ,a ɹ a ŋ,,,133,
12-1460-1,,12,1460,aŋɹaŋ,aŋɹaŋ,a ŋ ɹ a ŋ,,,133,
5-1371-1,,5,1371,kɔːlɔkpa,kɔːlɔkpa,k ɔː l ɔ k p a,,,134,
8-1371-1,,8,1371,kɔːlɔkpa,kɔːlɔkpa,k ɔː l ɔ k p a,,,134,
17-1371-1,,17,1371,lə-pʰyk,lə-pʰyk,l ə pʰ y k,,,135,
19-1371-1,,19,1371,kʰlɔkpuː,kʰlɔkpuː,kʰ l ɔ k p uː,,,134,
15-1371-1,,15,1371,la-pʰik̚_kʰɔm,la-pʰik̚_kʰɔm,l a pʰ i k̚/k kʰ ɔ m,,,135,
10-1371-1,,10,1371,lə-pʰik̚_kʰɔm,lə-pʰik̚_kʰɔm,l ə pʰ i k̚/k kʰ ɔ m,,,135,
6-1371-1,,6,1371,la-pʰyk̚_kriː,la-pʰyk̚_kriː,l a pʰ y k̚/k k r iː,,,135,
9-1371-1,,9,1371,ja-pʰyk_kraː,ja-pʰyk_kraː,j a pʰ y k k r aː,,,135,
4-1371-1,,4,1371,laːgjuŋ,laːgjuŋ,l aː g j u ŋ,,,136,
20-1371-1,,20,1371,ləspau,ləspau,l ə s p au,,,137,
21-1371-1,,21,1371,lakijuŋ,lakijuŋ,l a k i j u ŋ,,,136,
1-1371-1,,1,1371,ləspau,ləspau,l ə s p au,,,137,
7-1371-1,,7,1371,lagijoŋ,lagijoŋ,l a g i j o ŋ,,,136,
14-1371-1,,14,1371,lagijoŋ,lagijoŋ,l a g i j o ŋ,,,136,
2-1371-1,,2,1371,alɛː_kəpeiʔ,alɛː_kəpeiʔ,a l ɛː k ə p ei ʔ,,,138,
11-1371-1,,11,1371,laikapɹei,laikapɹei,l ai k a p ɹ ei,,,138,
16-1371-1,,16,1371,laikərəʔ,laikərəʔ,l ai k ə r ə ʔ,,,139,
18-1371-1,,18,1371,lɛːkuŋ,lɛːkuŋ,l ɛː k u ŋ,,,140,
3-1371-1,,3,1371,kapɹei,kapɹei,k a p ɹ ei,,,138,
12-1371-1,,12,1371,kapei,kapei,k a p ei,,,138,
5-1410-1,,5,1410,dɛn,dɛn,d ɛ n,,,141,
8-1410-1,,8,1410,dɛn,dɛn,d ɛ n,,,141,
17-1410-1,,17,1410,dan,dan,d a n,,,141,
19-1410-1,,19,1410,dan,dan,d a n,,,141,
15-1410-1,,15,1410,dɛn,dɛn,d ɛ n,,,141,
10-1410-1,,10,1410,dɛn,dɛn,d ɛ n,,,141,
6-1410-1,,6,1410,dɛn,dɛn,d ɛ n,,,141,
9-1410-1,,9,1410,dɛn,dɛn,d ɛ n,,,141,
4-1410-1,,4,1410,ĩt,ĩt,ĩ t,,,142,
20-1410-1,,20,1410,tʰekmage,tʰekmage,tʰ e k m a g e,,,143,
21-1410-1,,21,1410,īt,īt,ī/i t,,,142,
1-1410-1,,1,1410,tʰejakpa,tʰejakpa,tʰ e j a k p a,,,143,
7-1410-1,,7,1410,itpʰat,itpʰat,i t pʰ a t,,,142,
14-1410-1,,14,1410,itpʰa,itpʰa,i t pʰ a,,,142,
2-1410-1,,2,1410,dɛN,dɛN,d ɛ N/ɴ,,,141,
11-1410-1,,11,1410,dan,dan,d a n,,,141,
16-1410-1,,16,1410,dat,dat,d a t,,,141,
18-1410-1,,18,1410,daiʔ,daiʔ,d ai ʔ,,,141,
3-1410-1,,3,1410,daiʔ,daiʔ,d ai ʔ,,,141,
12-1410-1,,12,1410,daiʔ,daiʔ,d ai ʔ,,,141,
5-1355-1,,5,1355,ʑɛj,ʑɛj,ʑ ɛ j,,,144,
8-1355-1,,8,1355,ʑej,ʑej,ʑ e j,,,144,
17-1355-1,,17,1355,zaː,zaː,z aː,,,144,
19-1355-1,,19,1355,zaː,zaː,z aː,,,144,
15-1355-1,,15,1355,zɛː,zɛː,z ɛː,,,144,
10-1355-1,,10,1355,zɛː,zɛː,z ɛː,,,144,
6-1355-1,,6,1355,zɛː,zɛː,z ɛː,,,144,
9-1355-1,,9,1355,ʐaː,ʐaː,ʐ aː,,,144,
4-1355-1,,4,1355,sjɔk,sjɔk,s j ɔ k,,,145,
20-1355-1,,20,1355,ʧijo,ʧijo,tʃ i j o,,,145,
21-1355-1,,21,1355,ʧijo,ʧijo,tʃ i j o,,,145,
1-1355-1,,1,1355,ʃijaʔ,ʃijaʔ,ʃ i j a ʔ,,,145,
7-1355-1,,7,1355,seʔ,seʔ,s e ʔ,,,145,
14-1355-1,,14,1355,ʃeʔpʰa,ʃeʔpʰa,ʃ e ʔ pʰ a,,,145,
2-1355-1,,2,1355,zɛː,zɛː,z ɛː,,,144,
11-1355-1,,11,1355,zjei,zjei,z j ei,,,144,
16-1355-1,,16,1355,zei,zei,z ei,,,144,
18-1355-1,,18,1355,zɛː,zɛː,z ɛː,,,144,
3-1355-1,,3,1355,ruɛ,ruɛ,r uɛ,,,146,
12-1355-1,,12,1355,ruɛ,ruɛ,r uɛ,,,146,
5-628-1,,5,628,u-lap̚,u-lap̚,u l a p̚/p,,,147,
8-628-1,,8,628,u-lap,u-lap,u l a p,,,147,
17-628-1,,17,628,ʔa-lap,ʔa-lap,ʔ a l a p,,,147,
19-628-1,,19,628,ʔa-lap,ʔa-lap,ʔ a l a p,,,147,
15-628-1,,15,628,ʔa-rap,ʔa-rap,ʔ a r a p,,,147,
10-628-1,,10,628,ʔa-rap,ʔa-rap,ʔ a r a p,,,147,
6-628-1,,6,628,ʔa-lɛ,ʔa-lɛ,ʔ a l ɛ,,,147,
9-628-1,,9,628,ʔa-laʔ,ʔa-laʔ,ʔ a l a ʔ,,,147,
4-628-1,,4,628,ərap,ərap,ə r a p,,,147,
20-628-1,,20,628,erap,erap,e r a p,,,147,
21-628-1,,21,628,rap,rap,r a p,,,147,
1-628-1,,1,628,rap,rap,r a p,,,147,
7-628-1,,7,628,rap,rap,r a p,,,147,
14-628-1,,14,628,rap,rap,r a p,,,147,
2-628-1,,2,628,aləp,aləp,a l ə p,,,147,
11-628-1,,11,628,hɨ̃-jəm,hɨ̃-jəm,h ɨ̃ j ə m,,,147,
16-628-1,,16,628,hɨŋ-ləp,hɨŋ-ləp,h ɨ ŋ l ə p,,,147,
18-628-1,,18,628,aləʔ,aləʔ,a l ə ʔ,,,147,
3-628-1,,3,628,aləʔ,aləʔ,a l ə ʔ,,,147,
12-628-1,,12,628,aləʔ,aləʔ,a l ə ʔ,,,147,
5-2098-1,,5,2098,lɛj,lɛj,l ɛ j,,,148,
8-2098-1,,8,2098,lej,lej,l e j,,,148,
17-2098-1,,17,2098,la,la,l a,,,148,
19-2098-1,,19,2098,la,la,l a,,,148,
15-2098-1,,15,2098,lɛ,lɛ,l ɛ,,,148,
10-2098-1,,10,2098,lɛ,lɛ,l ɛ,,,148,
6-2098-1,,6,2098,lɛ,lɛ,l ɛ,,,148,
9-2098-1,,9,2098,la,la,l a,,,148,
4-2098-1,,4,2098,loːɛ,loːɛ,l oːɛ,,,148,
20-2098-1,,20,2098,loᵉ,loᵉ,l oᵉ/o,,,148,
21-2098-1,,21,2098,luᵉ,luᵉ,l uᵉ/ue,,,148,
1-2098-1,,1,2098,luᵉ,luᵉ,l uᵉ/ue,,,148,
7-2098-1,,7,2098,laⁱ,laⁱ,l aⁱ,,,148,
14-2098-1,,14,2098,laⁱ,laⁱ,l aⁱ,,,148,
2-2098-1,,2,2098,alɛː,alɛː,a l ɛː,,,148,
11-2098-1,,11,2098,lai,lai,l ai,,,148,
16-2098-1,,16,2098,lai,lai,l ai,,,148,
18-2098-1,,18,2098,lai,lai,l ai,,,148,
3-2098-1,,3,2098,lɛː,lɛː,l ɛː,,,148,
12-2098-1,,12,2098,lɛː,lɛː,l ɛː,,,148,
5-1224-1,,5,1224,ɕa_taŋku,ɕa_taŋku,ɕ a t a ŋ k u,,,149,
8-1224-1,,8,1224,ɕap-ɕin,ɕap-ɕin,ɕ a p ɕ i n,,,150,
17-1224-1,,17,1224,ʔa-ʦʰɛ̃ː,ʔa-ʦʰɛ̃ː,ʔ a tsʰ ɛ̃ː,,,150,
19-1224-1,,19,1224,ʔa-ʦʰeː,ʔa-ʦʰeː,ʔ a tsʰ eː,,,150,
15-1224-1,,15,1224,ʔa-ʨʰĩː,ʔa-ʨʰĩː,ʔ a tɕʰ ĩː,,,150,
10-1224-1,,10,1224,s-sĩː,s-sĩː,s s ĩː,,,150,
6-1224-1,,6,1224,sɛ̃j,sɛ̃j,s ɛ̃ j,,,150,
9-1224-1,,9,1224,də-ʨɛ̃ː,də-ʨɛ̃ː,d ə tɕ ɛ̃ː,,,150,
4-1224-1,,4,1224,ʔəpʰin,ʔəpʰin,ʔ ə pʰ i n,,,150,
2-1224-1,,2,1224,apjin,apjin,a p j i n,,,150,
11-1224-1,,11,1224,apin,apin,a p i n,,,150,
16-1224-1,,16,1224,apjet,apjet,a p j e t,,,150,
18-1224-1,,18,1224,apiʔ,apiʔ,a p i ʔ,,,150,
3-1224-1,,3,1224,apjiʔ,apjiʔ,a p j i ʔ,,,150,
12-1224-1,,12,1224,apjiʔ,apjiʔ,a p j i ʔ,,,150,
5-1203-1,,5,1203,u-riŋ,u-riŋ,u r i ŋ,,,151,
8-1203-1,,8,1203,u-liŋ,u-liŋ,u l i ŋ,,,151,
17-1203-1,,17,1203,ʔa-rɛŋ,ʔa-rɛŋ,ʔ a r ɛ ŋ,,,151,
19-1203-1,,19,1203,ʔa-rɛŋ,ʔa-rɛŋ,ʔ a r ɛ ŋ,,,151,
15-1203-1,,15,1203,ʔa-rɛŋ,ʔa-rɛŋ,ʔ a r ɛ ŋ,,,151,
10-1203-1,,10,1203,ʔa-rɛŋ,ʔa-rɛŋ,ʔ a r ɛ ŋ,,,151,
6-1203-1,,6,1203,ʔa-rɛŋ,ʔa-rɛŋ,ʔ a r ɛ ŋ,,,151,
9-1203-1,,9,1203,ʔa-rɛŋ,ʔa-rɛŋ,ʔ a r ɛ ŋ,,,151,
4-1203-1,,4,1203,əpʰjaŋ,əpʰjaŋ,ə pʰ j a ŋ,,,152,
20-1203-1,,20,1203,pʰijaŋ,pʰijaŋ,pʰ i j a ŋ,,,152,
21-1203-1,,21,1203,epʰijam,epʰijam,e pʰ i j a m,,,152,
1-1203-1,,1,1203,pʰijaŋ,pʰijaŋ,pʰ i j a ŋ,,,152,
7-1203-1,,7,1203,pʰijaŋ,pʰijaŋ,pʰ i j a ŋ,,,152,
14-1203-1,,14,1203,epʰijam,epʰijam,e pʰ i j a m,,,152,
2-1203-1,,2,1203,apjaN,apjaN,a p j a N/ɴ,,,152,
11-1203-1,,11,1203,apɹaŋ,apɹaŋ,a p ɹ a ŋ,,,152,
16-1203-1,,16,1203,apɹaŋ,apɹaŋ,a p ɹ a ŋ,,,152,
18-1203-1,,18,1203,pɹaŋ,pɹaŋ,p ɹ a ŋ,,,152,
3-1203-1,,3,1203,apɹaŋ,apɹaŋ,a p ɹ a ŋ,,,152,
12-1203-1,,12,1203,apɹaŋ,apɹaŋ,a p ɹ a ŋ,,,152,
5-1392-1,,5,1392,hjek̚,hjek̚,h j e k̚,,,153,
8-1392-1,,8,1392,hɛk̚,hɛk̚,h ɛ k̚,,,153,
17-1392-1,,17,1392,hɛk,hɛk,h ɛ k,,,153,
19-1392-1,,19,1392,hɛk,hɛk,h ɛ k,,,153,
15-1392-1,,15,1392,hɛk,hɛk,h ɛ k,,,153,
10-1392-1,,10,1392,hɛk,hɛk,h ɛ k,,,153,
6-1392-1,,6,1392,hɛ,hɛ,h ɛ,,,153,
9-1392-1,,9,1392,xɛk,xɛk,x ɛ k,,,153,
2-1392-1,,2,1392,ʃiʔ,ʃiʔ,ʃ i ʔ,,,154,
11-1392-1,,11,1392,hɹɛ,hɹɛ,h ɹ ɛ,,,153,
16-1392-1,,16,1392,hɛː,hɛː,h ɛː,,,153,
18-1392-1,,18,1392,prɛː,prɛː,p r ɛː,,,155,
3-1392-1,,3,1392,pɹɛː,pɹɛː,p ɹ ɛː,,,155,
12-1392-1,,12,1392,pɹɛː,pɹɛː,p ɹ ɛː,,,155,
5-1313-1,,5,1313,nam-ba,nam-ba,n a m b a,,,156,
8-1313-1,,8,1313,nam-ba,nam-ba,n a m b a,,,156,
17-1313-1,,17,1313,nam-blu,nam-blu,n a m b l u,,,156,
19-1313-1,,19,1313,nam-blu,nam-blu,n a m b l u,,,156,
15-1313-1,,15,1313,nam-bru,nam-bru,n a m b r u,,,156,
10-1313-1,,10,1313,nam-blu,nam-blu,n a m b l u,,,156,
6-1313-1,,6,1313,nam-blu,nam-blu,n a m b l u,,,156,
9-1313-1,,9,1313,nam-blu,nam-blu,n a m b l u,,,156,
4-1313-1,,4,1313,haːbieː,haːbieː,h aː b,,,156,
20-1313-1,,20,1313,habije,habije,h a b i j e,,,156,
21-1313-1,,21,1313,habije,habije,h a b i j e,,,156,
1-1313-1,,1,1313,habije,habije,h a b i j e,,,156,
7-1313-1,,7,1313,habije,habije,h a b i j e,,,156,
14-1313-1,,14,1313,habije,habije,h a b i j e,,,156,
2-1313-1,,2,1313,hambɔː,hambɔː,h a m b ɔː,,,156,
11-1313-1,,11,1313,habu,habu,h a b u,,,156,
16-1313-1,,16,1313,hanua,hanua,h a n ua,,,157,
18-1313-1,,18,1313,aŋbo,aŋbo,a ŋ b o,,,156,
3-1313-1,,3,1313,amboː,amboː,a m b oː,,,156,
12-1313-1,,12,1313,amboː,amboː,a m b oː,,,156,
5-674-1,,5,674,hɔ-ʨu,hɔ-ʨu,h ɔ tɕ u,,,158,
8-674-1,,8,674,hɔ-ʨɔ,hɔ-ʨɔ,h ɔ tɕ ɔ,,,158,
17-674-1,,17,674,nə-ʦʰaw,nə-ʦʰaw,n ə tsʰ a w,,,158,
19-674-1,,19,674,nə-ʨʰaw,nə-ʨʰaw,n ə tɕʰ a w,,,158,
15-674-1,,15,674,ʨʰ-ʨʰoː,ʨʰ-ʨʰoː,tɕʰ tɕʰ oː,,,158,
10-674-1,,10,674,ʨʰ-sɔː,ʨʰ-sɔː,tɕʰ s ɔː,,,158,
6-674-1,,6,674,sɔː,sɔː,s ɔː,,,158,
9-674-1,,9,674,də-ʦʰɛː,də-ʦʰɛː,d ə tsʰ ɛː,,,158,
4-674-1,,4,674,siam,siam,s ia m,,,159,
20-674-1,,20,674,spʰun,spʰun,s pʰ u n,,,160,
21-674-1,,21,674,ʃijam,ʃijam,ʃ i j a m,,,159,
1-674-1,,1,674,sem,sem,s e m,,,159,
7-674-1,,7,674,sem,sem,s e m,,,159,
14-674-1,,14,674,sem,sem,s e m,,,159,
2-674-1,,2,674,asəm,asəm,a s ə m,,,159,
11-674-1,,11,674,səm,səm,s ə m,,,159,
16-674-1,,16,674,səp,səp,s ə p,,,159,
18-674-1,,18,674,səʔ,səʔ,s ə ʔ,,,159,
3-674-1,,3,674,səʔ,səʔ,s ə ʔ,,,159,
12-674-1,,12,674,səʔ,səʔ,s ə ʔ,,,159,
5-1405-1,,5,1405,biŋ,biŋ,b i ŋ,,,161,
8-1405-1,,8,1405,biŋ,biŋ,b i ŋ,,,161,
17-1405-1,,17,1405,ʔazɛŋ,ʔazɛŋ,ʔ a z ɛ ŋ,,,161,
19-1405-1,,19,1405,ʔazɛŋ,ʔazɛŋ,ʔ a z ɛ ŋ,,,161,
15-1405-1,,15,1405,ʔaʥɛŋ,ʔaʥɛŋ,ʔ a dʑ ɛ ŋ,,,161,
10-1405-1,,10,1405,ʔaʥɛŋ,ʔaʥɛŋ,ʔ a dʑ ɛ ŋ,,,161,
6-1405-1,,6,1405,ʔaʥɛŋ,ʔaʥɛŋ,ʔ a dʑ ɛ ŋ,,,161,
9-1405-1,,9,1405,ʔaʣajŋ,ʔaʣajŋ,ʔ a dz a j ŋ,,,161,
4-1405-1,,4,1405,əbɛŋ,əbɛŋ,ə b ɛ ŋ,,,161,
20-1405-1,,20,1405,ebeŋ,ebeŋ,e b e ŋ,,,161,
21-1405-1,,21,1405,ebeŋ,ebeŋ,e b e ŋ,,,161,
1-1405-1,,1,1405,ebeŋ,ebeŋ,e b e ŋ,,,161,
7-1405-1,,7,1405,ebeŋ,ebeŋ,e b e ŋ,,,161,
14-1405-1,,14,1405,ebeŋ,ebeŋ,e b e ŋ,,,161,
2-1405-1,,2,1405,abjɛN,abjɛN,a b j ɛ N/ɴ,,,161,
11-1405-1,,11,1405,abɹɛn,abɹɛn,a b ɹ ɛ n,,,161,
16-1405-1,,16,1405,abɹɛn,abɹɛn,a b ɹ ɛ n,,,161,
18-1405-1,,18,1405,abɹɛŋ,abɹɛŋ,a b ɹ ɛ ŋ,,,161,
3-1405-1,,3,1405,abɹɛŋ,abɹɛŋ,a b ɹ ɛ ŋ,,,161,
12-1405-1,,12,1405,abɹɛŋ,abɹɛŋ,a b ɹ ɛ ŋ,,,161,
5-1838-1,,5,1838,bɔːdi,bɔːdi,b ɔː d i,,,162,
8-1838-1,,8,1838,bɔːdi,bɔːdi,b ɔː d i,,,162,
17-1838-1,,17,1838,braː,braː,b r aː,,,162,
19-1838-1,,19,1838,butimuː,butimuː,b u t i m uː,,,162,
15-1838-1,,15,1838,brɛː,brɛː,b r ɛː,,,162,
10-1838-1,,10,1838,brɛː,brɛː,b r ɛː,,,162,
6-1838-1,,6,1838,braː,braː,b r aː,,,162,
9-1838-1,,9,1838,braː,braː,b r aː,,,162,
4-1838-1,,4,1838,burui,burui,b u r ui,,,162,
2-1838-1,,2,1838,sim-blyi,sim-blyi,s i m b l yi,,,162,
11-1838-1,,11,1838,roŋrei,roŋrei,r o ŋ r ei,,,163,
16-1838-1,,16,1838,roːrei,roːrei,r oː r ei,,,163,
18-1838-1,,18,1838,rueri,rueri,r ue r i,,,163,
3-1838-1,,3,1838,ruerei,ruerei,r ue r ei,,,163,
12-1838-1,,12,1838,ruerei,ruerei,r ue r ei,,,163,
5-1333-1,,5,1333,hɛn-tʰɔŋ,hɛn-tʰɔŋ,h ɛ n tʰ ɔ ŋ,,,164,
8-1333-1,,8,1333,hɛn-tʰɔŋ,hɛn-tʰɔŋ,h ɛ n tʰ ɔ ŋ,,,164,
17-1333-1,,17,1333,tʰuŋ-ʦɛ̃ː,tʰuŋ-ʦɛ̃ː,tʰ u ŋ ts ɛ̃ː,,,164,
19-1333-1,,19,1333,takraː,takraː,t a k r aː,,,165,
15-1333-1,,15,1333,pʰ-tʰuŋ,pʰ-tʰuŋ,pʰ tʰ u ŋ,,,164,
10-1333-1,,10,1333,nə-tʰuŋ,nə-tʰuŋ,n ə tʰ u ŋ,,,164,
9-1333-1,,9,1333,nə-tuxĩː,nə-tuxĩː,n ə t u x ĩː,,,164,
4-1333-1,,4,1333,raguŋ_juŋã,raguŋ_juŋã,r a g u ŋ j u ŋ ã,,,166,
20-1333-1,,20,1333,ejua,ejua,e j ua,,,166,
21-1333-1,,21,1333,japu,japu,j a p u,,,166,
1-1333-1,,1,1333,ejua,ejua,e j ua,,,166,
7-1333-1,,7,1333,jua,jua,j ua,,,166,
14-1333-1,,14,1333,jua,jua,j ua,,,166,
2-1333-1,,2,1333,kətuNrin,kətuNrin,k ə t u N/ɴ r i n,,,164,
11-1333-1,,11,1333,tuŋrin,tuŋrin,t u ŋ r i n,,,164,
16-1333-1,,16,1333,tõrɨn,tõrɨn,t õ r ɨ n,,,164,
18-1333-1,,18,1333,kətjuŋ,kətjuŋ,k ə t j u ŋ,,,164,
3-1333-1,,3,1333,kətuŋ,kətuŋ,k ə t u ŋ,,,164,
12-1333-1,,12,1333,kətjuŋ,kətjuŋ,k ə t j u ŋ,,,164,
5-1231-1,,5,1231,ʔɔ-kʰɔn,ʔɔ-kʰɔn,ʔ ɔ kʰ ɔ n,,,167,
8-1231-1,,8,1231,ʔɔ-han,ʔɔ-han,ʔ ɔ h a n,,,167,
17-1231-1,,17,1231,ʔa-fan,ʔa-fan,ʔ a f a n,,,167,
19-1231-1,,19,1231,u-fan,u-fan,u f a n,,,167,
15-1231-1,,15,1231,ʔa-hɛn,ʔa-hɛn,ʔ a h ɛ n,,,167,
10-1231-1,,10,1231,ʔa-fan,ʔa-fan,ʔ a f a n,,,167,
6-1231-1,,6,1231,ʔə-hɛn,ʔə-hɛn,ʔ ə h ɛ n,,,167,
9-1231-1,,9,1231,ʔa-fɛn,ʔa-fɛn,ʔ a f ɛ n,,,167,
20-1231-1,,20,1231,ovoᵘ,ovoᵘ,o v oᵘ/o,,,168,
21-1231-1,,21,1231,evoŋ,evoŋ,e v o ŋ,,,168,
1-1231-1,,1,1231,ewã,ewã,e w ã,,,168,
7-1231-1,,7,1231,mvəo,mvəo,m v əo,,,168,
14-1231-1,,14,1231,evo,evo,e v o,,,168,
2-1231-1,,2,1231,afɛN,afɛN,a f ɛ N/ɴ,,,167,
11-1231-1,,11,1231,afan,afan,a f a n,,,167,
16-1231-1,,16,1231,afaʲt,afaʲt,a f aʲ/a t,,,167,
18-1231-1,,18,1231,afaiʔ,afaiʔ,a f ai ʔ,,,167,
3-1231-1,,3,1231,afaiʔ,afaiʔ,a f ai ʔ,,,167,
12-1231-1,,12,1231,afaiʔ,afaiʔ,a f ai ʔ,,,167,
5-1221-1,,5,1221,hɛm-pʰɔŋ,hɛm-pʰɔŋ,h ɛ m pʰ ɔ ŋ,,,169,
8-1221-1,,8,1221,hɛm-pʰɔŋ,hɛm-pʰɔŋ,h ɛ m pʰ ɔ ŋ,,,169,
17-1221-1,,17,1221,nə-pʰuŋ,nə-pʰuŋ,n ə pʰ u ŋ,,,169,
19-1221-1,,19,1221,nə-pʰuŋ,nə-pʰuŋ,n ə pʰ u ŋ,,,169,
15-1221-1,,15,1221,ma-pʰuŋ,ma-pʰuŋ,m a pʰ u ŋ,,,169,
10-1221-1,,10,1221,nu-pʰuŋ,nu-pʰuŋ,n u pʰ u ŋ,,,169,
6-1221-1,,6,1221,nə-pʰuŋ,nə-pʰuŋ,n ə pʰ u ŋ,,,169,
9-1221-1,,9,1221,nə-pʰuŋ,nə-pʰuŋ,n ə pʰ u ŋ,,,169,
4-1221-1,,4,1221,ʔeːpʰuŋ,ʔeːpʰuŋ,ʔ eː pʰ u ŋ,,,169,
20-1221-1,,20,1221,epʰuŋ,epʰuŋ,e pʰ u ŋ,,,169,
21-1221-1,,21,1221,epʰuŋ,epʰuŋ,e pʰ u ŋ,,,169,
1-1221-1,,1,1221,epʰuŋ,epʰuŋ,e pʰ u ŋ,,,169,
7-1221-1,,7,1221,epʰuŋ,epʰuŋ,e pʰ u ŋ,,,169,
14-1221-1,,14,1221,epʰuŋ,epʰuŋ,e pʰ u ŋ,,,169,
2-1221-1,,2,1221,a-pʰuN,a-pʰuN,a pʰ u N/ɴ,,,169,
11-1221-1,,11,1221,a-puŋ,a-puŋ,a p u ŋ,,,169,
16-1221-1,,16,1221,poŋ,poŋ,p o ŋ,,,169,
18-1221-1,,18,1221,poŋ,poŋ,p o ŋ,,,169,
3-1221-1,,3,1221,apok,apok,a p o k,,,169,
12-1221-1,,12,1221,apok,apok,a p o k,,,169,
5-1240-1,,5,1240,ba-,ba-,b a,,,170,
8-1240-1,,8,1240,ba-,ba-,b a,,,170,
17-1240-1,,17,1240,bɔ-,bɔ-,b ɔ,,,170,
19-1240-1,,19,1240,bɔ-,bɔ-,b ɔ,,,170,
15-1240-1,,15,1240,bə-,bə-,b ə,,,170,
10-1240-1,,10,1240,bə-,bə-,b ə,,,170,
6-1240-1,,6,1240,bə-,bə-,b ə,,,170,
9-1240-1,,9,1240,bə-,bə-,b ə,,,170,
4-1240-1,,4,1240,ɔi,ɔi,ɔi,,,171,
2-1240-1,,2,1240,ba,ba,b a,,,170,
11-1240-1,,11,1240,ba,ba,b a,,,170,
16-1240-1,,16,1240,ba,ba,b a,,,170,
18-1240-1,,18,1240,ba,ba,b a,,,170,
3-1240-1,,3,1240,ba,ba,b a,,,170,
12-1240-1,,12,1240,ba,ba,b a,,,170,
5-2113-1,,5,2113,ʔɔ-mɛn,ʔɔ-mɛn,ʔ ɔ m ɛ n,,,172,
8-2113-1,,8,2113,ʔɔ-mɛn,ʔɔ-mɛn,ʔ ɔ m ɛ n,,,172,
17-2113-1,,17,2113,ʔa-man,ʔa-man,ʔ a m a n,,,172,
19-2113-1,,19,2113,ʔa-man,ʔa-man,ʔ a m a n,,,172,
15-2113-1,,15,2113,ʔa-mɛn,ʔa-mɛn,ʔ a m ɛ n,,,172,
10-2113-1,,10,2113,ʔa-man,ʔa-man,ʔ a m a n,,,172,
6-2113-1,,6,2113,ʔa-mɛn,ʔa-mɛn,ʔ a m ɛ n,,,172,
9-2113-1,,9,2113,ʔa-mɛn,ʔa-mɛn,ʔ a m ɛ n,,,172,
4-2113-1,,4,2113,əhɛk,əhɛk,ə h ɛ k,,,173,
20-2113-1,,20,2113,ehe,ehe,e h e,,,173,
21-2113-1,,21,2113,ehek,ehek,e h e k,,,173,
1-2113-1,,1,2113,ehek,ehek,e h e k,,,173,
7-2113-1,,7,2113,ehek,ehek,e h e k,,,173,
14-2113-1,,14,2113,ehek,ehek,e h e k,,,173,
2-2113-1,,2,2113,aʦɛN,aʦɛN,a ts ɛ N/ɴ,,,174,
11-2113-1,,11,2113,aʧjɛn,aʧjɛn,a tʃ j ɛ n,,,174,
16-2113-1,,16,2113,aʧet,aʧet,a tʃ e t,,,174,
18-2113-1,,18,2113,aʧeiʔ,aʧeiʔ,a tʃ ei ʔ,,,174,
3-2113-1,,3,2113,aʧaiʔ,aʧaiʔ,a tʃ ai ʔ,,,174,
12-2113-1,,12,2113,aʧaiʔ,aʧaiʔ,a tʃ ai ʔ,,,174,
5-1493-1,,5,1493,hin,hin,h i n,,,175,
8-1493-1,,8,1493,hin,hin,h i n,,,175,
17-1493-1,,17,1493,han,han,h a n,,,175,
19-1493-1,,19,1493,han,han,h a n,,,175,
15-1493-1,,15,1493,hɛn,hɛn,h ɛ n,,,175,
10-1493-1,,10,1493,han,han,h a n,,,175,
6-1493-1,,6,1493,hɛn,hɛn,h ɛ n,,,175,
9-1493-1,,9,1493,hɛn,hɛn,h ɛ n,,,175,
4-1493-1,,4,1493,ʦjɔ̃,ʦjɔ̃,ts j ɔ̃,,,176,
20-1493-1,,20,1493,ʤijo,ʤijo,dʒ i j o,,,176,
21-1493-1,,21,1493,ʧo,ʧo,tʃ o,,,176,
1-1493-1,,1,1493,ʤijo,ʤijo,dʒ i j o,,,176,
7-1493-1,,7,1493,ʤe,ʤe,dʒ e,,,177,
14-1493-1,,14,1493,ʤe,ʤe,dʒ e,,,177,
2-1493-1,,2,1493,tyi,tyi,t yi,,,178,
11-1493-1,,11,1493,kjuː,kjuː,k j uː,,,176,
16-1493-1,,16,1493,tjoː,tjoː,t j oː,,,176,
18-1493-1,,18,1493,ʧue,ʧue,tʃ ue,,,177,
3-1493-1,,3,1493,hui,hui,h ui,,,179,
12-1493-1,,12,1493,hui,hui,h ui,,,179,
5-2252-1,,5,2252,huma,huma,h u m a,,,180,
8-2252-1,,8,2252,huma,huma,h u m a,,,180,
17-2252-1,,17,2252,nəmu,nəmu,n ə m u,,,180,
19-2252-1,,19,2252,ləmu,ləmu,l ə m u,,,180,
15-2252-1,,15,2252,lum,lum,l u m,,,180,
10-2252-1,,10,2252,lym,lym,l y m,,,180,
6-2252-1,,6,2252,hamu,hamu,h a m u,,,180,
9-2252-1,,9,2252,ham,ham,h a m,,,180,
4-2252-1,,4,2252,ləmuə_duə,ləmuə_duə,l ə m uə d uə,,,180,
20-2252-1,,20,2252,ləmua,ləmua,l ə m ua,,,180,
21-2252-1,,21,2252,ləmua,ləmua,l ə m ua,,,180,
1-2252-1,,1,2252,ləmua,ləmua,l ə m ua,,,180,
7-2252-1,,7,2252,ləmua,ləmua,l ə m ua,,,180,
14-2252-1,,14,2252,ləmua,ləmua,l ə m ua,,,180,
2-2252-1,,2,2252,lim,lim,l i m,,,180,
11-2252-1,,11,2252,lim,lim,l i m,,,180,
16-2252-1,,16,2252,lɨp,lɨp,l ɨ p,,,180,
18-2252-1,,18,2252,liʔ,liʔ,l i ʔ,,,180,
3-2252-1,,3,2252,puzuɛ,puzuɛ,p u z uɛ,,,181,
12-2252-1,,12,2252,puzuɛ,puzuɛ,p u z uɛ,,,181,
5-605-1,,5,605,na-mu,na-mu,n a m u,,,182,
8-605-1,,8,605,na-mu,na-mu,n a m u,,,182,
17-605-1,,17,605,nə-ʦʰoː,nə-ʦʰoː,n ə tsʰ oː,,,183,
19-605-1,,19,605,ɲi-mi,ɲi-mi,ɲ i m i,,,182,
15-605-1,,15,605,pʰ-ʨʰu,pʰ-ʨʰu,pʰ tɕʰ u,,,183,
10-605-1,,10,605,nə-ʨʰu,nə-ʨʰu,n ə tɕʰ u,,,183,
6-605-1,,6,605,nə-ʨʰu,nə-ʨʰu,n ə tɕʰ u,,,183,
9-605-1,,9,605,naː-ʦʰu,naː-ʦʰu,n aː tsʰ u,,,183,
4-605-1,,4,605,haːpʰiɛ,haːpʰiɛ,h aː pʰ iɛ,,,184,
20-605-1,,20,605,hapʰije,hapʰije,h a pʰ i j e,,,184,
21-605-1,,21,605,hapʰije,hapʰije,h a pʰ i j e,,,184,
1-605-1,,1,605,hapʰije,hapʰije,h a pʰ i j e,,,184,
7-605-1,,7,605,hapʰije,hapʰije,h a pʰ i j e,,,184,
14-605-1,,14,605,hapʰije,hapʰije,h a pʰ i j e,,,184,
2-605-1,,2,605,hampiː,hampiː,h a m p iː,,,184,
11-605-1,,11,605,hampɹoː,hampɹoː,h a m p ɹ oː,,,184,
16-605-1,,16,605,hampɹoː,hampɹoː,h a m p ɹ oː,,,184,
18-605-1,,18,605,haʔpɹo,haʔpɹo,h a ʔ p ɹ o,,,184,
3-605-1,,3,605,ampɹuː,ampɹuː,a m p ɹ uː,,,184,
12-605-1,,12,605,ampjuː,ampjuː,a m p j uː,,,184,
5-156-1,,5,156,ʔɔ-kʰjek,ʔɔ-kʰjek,ʔ ɔ kʰ j e k,,,185,
8-156-1,,8,156,ʔɔ-hɛk,ʔɔ-hɛk,ʔ ɔ h ɛ k,,,185,
17-156-1,,17,156,ʔə-hɛk,ʔə-hɛk,ʔ ə h ɛ k,,,185,
19-156-1,,19,156,ʔə-hɛk,ʔə-hɛk,ʔ ə h ɛ k,,,185,
15-156-1,,15,156,ʔə-hɛk̚,ʔə-hɛk̚,ʔ ə h ɛ k̚,,,185,
10-156-1,,10,156,ʔə-hɛk,ʔə-hɛk,ʔ ə h ɛ k,,,185,
6-156-1,,6,156,ʔə-hɛk,ʔə-hɛk,ʔ ə h ɛ k,,,185,
9-156-1,,9,156,ʔa-xɛk,ʔa-xɛk,ʔ a x ɛ k,,,185,
4-156-1,,4,156,əɕɛk,əɕɛk,ə ɕ ɛ k,,,185,
20-156-1,,20,156,eʃaik,eʃaik,e ʃ ai k,,,185,
21-156-1,,21,156,eʃek,eʃek,e ʃ e k,,,185,
1-156-1,,1,156,ʃeⁱk,ʃeⁱk,ʃ eⁱ/e k,,,185,
7-156-1,,7,156,ʃeⁱ,ʃeⁱ,ʃ eⁱ/e,,,185,
14-156-1,,14,156,eʃaik,eʃaik,e ʃ ai k,,,185,
2-156-1,,2,156,aʃiʔ,aʃiʔ,a ʃ i ʔ,,,185,
11-156-1,,11,156,ahɨː,ahɨː,a h ɨː,,,186,
16-156-1,,16,156,arjuʔ,arjuʔ,a r j u ʔ,,,187,
18-156-1,,18,156,arjuʔ,arjuʔ,a r j u ʔ,,,187,
3-156-1,,3,156,arjuk,arjuk,a r j u k,,,187,
12-156-1,,12,156,arjuk,arjuk,a r j u k,,,187,
5-670-1,,5,670,raba,raba,r a b a,,,188,
8-670-1,,8,670,hiŋŋa_lej,hiŋŋa_lej,h i ŋ ŋ a l e j,,,189,
17-670-1,,17,670,ʔə-hĩː,ʔə-hĩː,ʔ ə h ĩː,,,190,
19-670-1,,19,670,rabɔː,rabɔː,r a b ɔː,,,188,
15-670-1,,15,670,ʔi-hĩː,ʔi-hĩː,ʔ i h ĩː,,,190,
10-670-1,,10,670,ʔa-hĩː,ʔa-hĩː,ʔ a h ĩː,,,190,
6-670-1,,6,670,ʔi-hĩː,ʔi-hĩː,ʔ i h ĩː,,,190,
9-670-1,,9,670,ʔa-xĩː,ʔa-xĩː,ʔ a x ĩː,,,190,
4-670-1,,4,670,ərəŋ,ərəŋ,ə r ə ŋ,,,191,
20-670-1,,20,670,eraŋ,eraŋ,e r a ŋ,,,191,
21-670-1,,21,670,eraŋ,eraŋ,e r a ŋ,,,191,
1-670-1,,1,670,eraŋ,eraŋ,e r a ŋ,,,191,
7-670-1,,7,670,eraŋ,eraŋ,e r a ŋ,,,191,
14-670-1,,14,670,eraŋ,eraŋ,e r a ŋ,,,191,
2-670-1,,2,670,ʃiN-rin,ʃiN-rin,ʃ i N/ɴ r i n,,,191,
11-670-1,,11,670,hɨ̃-rin,hɨ̃-rin,h ɨ̃ r i n,,,191,
16-670-1,,16,670,arɨŋ,arɨŋ,a r ɨ ŋ,,,191,
18-670-1,,18,670,ariŋ,ariŋ,a r i ŋ,,,191,
3-670-1,,3,670,areŋ,areŋ,a r e ŋ,,,191,
12-670-1,,12,670,areŋ,areŋ,a r e ŋ,,,191,
5-1519-1,,5,1519,dur,dur,d u r,,,192,
8-1519-1,,8,1519,dul,dul,d u l,,,192,
17-1519-1,,17,1519,kjaː,kjaː,k j aː,,,193,
19-1519-1,,19,1519,ʨʰaː,ʨʰaː,tɕʰ aː,,,193,
15-1519-1,,15,1519,ʨɛː,ʨɛː,tɕ ɛː,,,193,
10-1519-1,,10,1519,riŋ,riŋ,r i ŋ,,,194,
6-1519-1,,6,1519,lɛ_ʔikʰɛn,lɛ_ʔikʰɛn,l ɛ ʔ i kʰ ɛ n,,,195,
9-1519-1,,9,1519,ʦʰɔː,ʦʰɔː,tsʰ ɔː,,,193,
4-1519-1,,4,1519,ran,ran,r a n,,,194,
2-1519-1,,2,1519,rin,rin,r i n,,,194,
11-1519-1,,11,1519,ren,ren,r e n,,,194,
16-1519-1,,16,1519,rit,rit,r i t,,,194,
18-1519-1,,18,1519,riʔ,riʔ,r i ʔ,,,194,
3-1519-1,,3,1519,riʔ,riʔ,r i ʔ,,,194,
12-1519-1,,12,1519,riʔ,riʔ,r i ʔ,,,194,
5-1274-1,,5,1274,ha,ha,h a,,,196,
8-1274-1,,8,1274,ha,ha,h a,,,196,
17-1274-1,,17,1274,hũː,hũː,h ũː,,,197,
19-1274-1,,19,1274,huŋ,huŋ,h u ŋ,,,197,
15-1274-1,,15,1274,hũŋ,hũŋ,h ũ ŋ,,,197,
10-1274-1,,10,1274,huŋ,huŋ,h u ŋ,,,197,
6-1274-1,,6,1274,huŋ,huŋ,h u ŋ,,,197,
9-1274-1,,9,1274,hũː,hũː,h ũː,,,197,
4-1274-1,,4,1274,səruə,səruə,s ə r uə,,,198,
20-1274-1,,20,1274,suruwa,suruwa,s u r u w a,,,198,
21-1274-1,,21,1274,suruwa,suruwa,s u r u w a,,,198,
1-1274-1,,1,1274,surəja,surəja,s u r ə j a,,,198,
7-1274-1,,7,1274,suɹe,suɹe,s u ɹ e,,,198,
14-1274-1,,14,1274,suruwa,suruwa,s u r u w a,,,198,
2-1274-1,,2,1274,fəu,fəu,f əu,,,199,
11-1274-1,,11,1274,fou,fou,f ou,,,199,
16-1274-1,,16,1274,foː,foː,f oː,,,199,
18-1274-1,,18,1274,hoŋ,hoŋ,h o ŋ,,,197,
3-1274-1,,3,1274,hoŋ,hoŋ,h o ŋ,,,197,
12-1274-1,,12,1274,hoŋ,hoŋ,h o ŋ,,,197,
5-671-1,,5,671,beʦa,beʦa,b e ts a,,,200,
8-671-1,,8,671,beʦa,beʦa,b e ts a,,,200,
17-671-1,,17,671,mə-kʰɔ,mə-kʰɔ,m ə kʰ ɔ,,,201,
19-671-1,,19,671,beʦɔ,beʦɔ,b e ts ɔ,,,200,
15-671-1,,15,671,kʰə-bɔ,kʰə-bɔ,kʰ ə b ɔ,,,202,
10-671-1,,10,671,kʰə-pʰɔ,kʰə-pʰɔ,kʰ ə pʰ ɔ,,,202,
6-671-1,,6,671,kʰ-pʰa,kʰ-pʰa,kʰ pʰ a,,,202,
9-671-1,,9,671,gə-pʰa,gə-pʰa,g ə pʰ a,,,202,
4-671-1,,4,671,baːli,baːli,b aː l i,,,203,
20-671-1,,20,671,bali,bali,b a l i,,,203,
21-671-1,,21,671,bali,bali,b a l i,,,203,
1-671-1,,1,671,bali,bali,b a l i,,,203,
7-671-1,,7,671,bali,bali,b a l i,,,203,
14-671-1,,14,671,bali,bali,b a l i,,,203,
2-671-1,,2,671,səmpjɛː,səmpjɛː,s ə m p j ɛː,,,204,
11-671-1,,11,671,panʧɨːhɹɛː,panʧɨːhɹɛː,p a n tʃ ɨː h ɹ ɛː,,,205,
16-671-1,,16,671,pãʧɨʔ,pãʧɨʔ,p ã tʃ ɨ ʔ,,,205,
18-671-1,,18,671,bɛɛʧiʔ,bɛɛʧiʔ,b ɛː tʃ i ʔ,,,205,
3-671-1,,3,671,pɹɛːʧeiʔ,pɹɛːʧeiʔ,p ɹ ɛː tʃ ei ʔ,,,205,
12-671-1,,12,671,pjɛːʧeʔ,pjɛːʧeʔ,p j ɛː tʃ e ʔ,,,205,
5-1458-1,,5,1458,ʔin,ʔin,ʔ i n,,,206,
8-1458-1,,8,1458,ʔin,ʔin,ʔ i n,,,206,
17-1458-1,,17,1458,ʔam,ʔam,ʔ a m,,,206,
19-1458-1,,19,1458,ʔam,ʔam,ʔ a m,,,206,
15-1458-1,,15,1458,ʔan,ʔan,ʔ a n,,,206,
10-1458-1,,10,1458,ʔan,ʔan,ʔ a n,,,206,
6-1458-1,,6,1458,ʔɛn,ʔɛn,ʔ ɛ n,,,206,
9-1458-1,,9,1458,ʔɛn,ʔɛn,ʔ ɛ n,,,206,
4-1458-1,,4,1458,jaː,jaː,j aː,,,207,
20-1458-1,,20,1458,jemage,jemage,j e m a g e,,,207,
21-1458-1,,21,1458,je,je,j e,,,207,
1-1458-1,,1,1458,jepʰa,jepʰa,j e pʰ a,,,207,
7-1458-1,,7,1458,sipʰa,sipʰa,s i pʰ a,,,208,
14-1458-1,,14,1458,jopʰa,jopʰa,j o pʰ a,,,207,
2-1458-1,,2,1458,riː,riː,r iː,,,209,
11-1458-1,,11,1458,rjoː,rjoː,r j oː,,,209,
16-1458-1,,16,1458,rjoː,rjoː,r j oː,,,209,
18-1458-1,,18,1458,jɔː,jɔː,j ɔː,,,207,
3-1458-1,,3,1458,luiʔ,luiʔ,l ui ʔ,,,210,
12-1458-1,,12,1458,luiʔ,luiʔ,l ui ʔ,,,210,
5-1409-1,,5,1409,ʔaj,ʔaj,ʔ a j,,,211,
8-1409-1,,8,1409,ʔaj,ʔaj,ʔ a j,,,211,
17-1409-1,,17,1409,ʔɔː,ʔɔː,ʔ ɔː,,,211,
19-1409-1,,19,1409,ʔɔː,ʔɔː,ʔ ɔː,,,211,
15-1409-1,,15,1409,ʔɔː,ʔɔː,ʔ ɔː,,,211,
10-1409-1,,10,1409,nũː,nũː,n ũː,,,212,
9-1409-1,,9,1409,nɔ̃ː-ʨʰi,nɔ̃ː-ʨʰi,n ɔ̃ː tɕʰ i,,,212,
4-1409-1,,4,1409,gərak,gərak,g ə r a k,,,213,
20-1409-1,,20,1409,rəkmage,rəkmage,r ə k m a g e,,,213,
21-1409-1,,21,1409,rək,rək,r ə k,,,213,
1-1409-1,,1,1409,rəg,rəg,r ə g,,,213,
7-1409-1,,7,1409,rekpʰa,rekpʰa,r e k pʰ a,,,213,
14-1409-1,,14,1409,rək,rək,r ə k,,,213,
2-1409-1,,2,1409,niŋ,niŋ,n i ŋ,,,214,
11-1409-1,,11,1409,njəŋ,njəŋ,n j ə ŋ,,,214,
16-1409-1,,16,1409,niŋ,niŋ,n i ŋ,,,214,
18-1409-1,,18,1409,ɲɨː,ɲɨː,ɲ ɨː,,,214,
3-1409-1,,3,1409,ʤei,ʤei,dʒ ei,,,215,
12-1409-1,,12,1409,ʤei,ʤei,dʒ ei,,,215,
5-1416-1,,5,1416,ʥu,ʥu,dʑ u,,,216,
8-1416-1,,8,1416,ʥu,ʥu,dʑ u,,,216,
17-1416-1,,17,1416,ʥau,ʥau,dʑ au,,,216,
19-1416-1,,19,1416,ʥau,ʥau,dʑ au,,,216,
15-1416-1,,15,1416,ʥo,ʥo,dʑ o,,,216,
10-1416-1,,10,1416,ʥɔː,ʥɔː,dʑ ɔː,,,216,
6-1416-1,,6,1416,ʥɔː,ʥɔː,dʑ ɔː,,,216,
9-1416-1,,9,1416,ʣɔː,ʣɔː,dz ɔː,,,216,
4-1416-1,,4,1416,duk,duk,d u k,,,217,
20-1416-1,,20,1416,dukma,dukma,d u k m a,,,217,
21-1416-1,,21,1416,tuk,tuk,t u k,,,217,
1-1416-1,,1,1416,duk,duk,d u k,,,217,
7-1416-1,,7,1416,dəkmu,dəkmu,d ə k m u,,,217,
14-1416-1,,14,1416,dukmage,dukmage,d u k m a g e,,,217,
2-1416-1,,2,1416,rɨː,rɨː,r ɨː,,,218,
11-1416-1,,11,1416,ʤao,ʤao,dʒ ao,,,216,
16-1416-1,,16,1416,tuŋ,tuŋ,t u ŋ,,,217,
18-1416-1,,18,1416,tuŋ,tuŋ,t u ŋ,,,217,
3-1416-1,,3,1416,tuŋ,tuŋ,t u ŋ,,,217,
12-1416-1,,12,1416,tuŋ,tuŋ,t u ŋ,,,217,
5-763-1,,5,763,ɕa-kʰɔʔ,ɕa-kʰɔʔ,ɕ a kʰ ɔ ʔ,,,219,
8-763-1,,8,763,ɕa-kɔ,ɕa-kɔ,ɕ a k ɔ,,,219,
17-763-1,,17,763,s-kuk,s-kuk,s k u k,,,219,
19-763-1,,19,763,s-kuk,s-kuk,s k u k,,,219,
15-763-1,,15,763,s-kuk,s-kuk,s k u k,,,219,
10-763-1,,10,763,sə-kuk,sə-kuk,s ə k u k,,,219,
6-763-1,,6,763,s-kuk,s-kuk,s k u k,,,219,
9-763-1,,9,763,ʂ-kʰuk,ʂ-kʰuk,ʂ kʰ u k,,,219,
4-763-1,,4,763,eːkʰuk,eːkʰuk,eː kʰ u k,,,219,
20-763-1,,20,763,ekʰuk,ekʰuk,e kʰ u k,,,219,
21-763-1,,21,763,ekʰuk,ekʰuk,e kʰ u k,,,219,
1-763-1,,1,763,ekʰuk,ekʰuk,e kʰ u k,,,219,
7-763-1,,7,763,ekʰuk,ekʰuk,e kʰ u k,,,219,
14-763-1,,14,763,ekʰuk,ekʰuk,e kʰ u k,,,219,
2-763-1,,2,763,akuʔ,akuʔ,a k u ʔ,,,219,
11-763-1,,11,763,akɨː,akɨː,a k ɨː,,,219,
16-763-1,,16,763,akəː,akəː,a k əː,,,219,
18-763-1,,18,763,akəː,akəː,a k əː,,,219,
3-763-1,,3,763,akəː,akəː,a k əː,,,219,
12-763-1,,12,763,akəː,akəː,a k əː,,,219,
5-1585-1,,5,1585,min,min,m i n,,,220,
8-1585-1,,8,1585,min,min,m i n,,,220,
17-1585-1,,17,1585,ʥiŋ,ʥiŋ,dʑ i ŋ,,,221,
19-1585-1,,19,1585,ʥin,ʥin,dʑ i n,,,221,
15-1585-1,,15,1585,ʥiŋ,ʥiŋ,dʑ i ŋ,,,221,
10-1585-1,,10,1585,ʥiŋ,ʥiŋ,dʑ i ŋ,,,221,
6-1585-1,,6,1585,ʥiŋ,ʥiŋ,dʑ i ŋ,,,221,
9-1585-1,,9,1585,ʣiŋ,ʣiŋ,dz i ŋ,,,221,
4-1585-1,,4,1585,mjɛn,mjɛn,m j ɛ n,,,220,
20-1585-1,,20,1585,mijenmage,mijenmage,m i j e n m a g e,,,220,
21-1585-1,,21,1585,mijen,mijen,m i j e n,,,220,
1-1585-1,,1,1585,mijanpʰa,mijanpʰa,m i j a n pʰ a,,,220,
7-1585-1,,7,1585,men,men,m e n,,,220,
14-1585-1,,14,1585,menpʰa,menpʰa,m e n pʰ a,,,220,
2-1585-1,,2,1585,rəm,rəm,r ə m,,,222,
11-1585-1,,11,1585,rəm,rəm,r ə m,,,222,
16-1585-1,,16,1585,rəp,rəp,r ə p,,,222,
18-1585-1,,18,1585,rəʔ,rəʔ,r ə ʔ,,,222,
3-1585-1,,3,1585,rəm,rəm,r ə m,,,222,
12-1585-1,,12,1585,rəm,rəm,r ə m,,,222,
5-1246-1,,5,1246,kati,kati,k a t i,,,223,
8-1246-1,,8,1246,ɕada,ɕada,ɕ a d a,,,224,
17-1246-1,,17,1246,ʔa͡-ʨan-du,ʔa͡-ʨan-du,ʔ a tɕ a n d u,,,225,
19-1246-1,,19,1246,ʔa͡-ʨan-du,ʔa͡-ʨan-du,ʔ a tɕ a n d u,,,225,
15-1246-1,,15,1246,ʨɔ̃n-du,ʨɔ̃n-du,tɕ ɔ̃ n d u,,,225,
10-1246-1,,10,1246,ʔa-ʥan-du,ʔa-ʥan-du,ʔ a dʑ a n d u,,,225,
6-1246-1,,6,1246,ʔadudu,ʔadudu,ʔ a d u d u,,,224,
9-1246-1,,9,1246,ʔa-ʥãn-du,ʔa-ʥãn-du,ʔ a dʑ ã n d u,,,225,
4-1246-1,,4,1246,ətidua,ətidua,ə t i d ua,,,224,
20-1246-1,,20,1246,ẽeᵘ,ẽeᵘ,ẽeᵘ/ẽu,,,226,
21-1246-1,,21,1246,ejuŋ,ejuŋ,e j u ŋ,,,226,
1-1246-1,,1,1246,ejuŋ,ejuŋ,e j u ŋ,,,226,
7-1246-1,,7,1246,ejuŋ,ejuŋ,e j u ŋ,,,226,
14-1246-1,,14,1246,iu,iu,iu,,,226,
2-1246-1,,2,1246,aziː,aziː,a z iː,,,227,
11-1246-1,,11,1246,aziː,aziː,a z iː,,,227,
16-1246-1,,16,1246,ajiŋ,ajiŋ,a j i ŋ,,,226,
18-1246-1,,18,1246,ɲɛːdoː,ɲɛːdoː,ɲ ɛː d oː,,,228,
3-1246-1,,3,1246,kəsiʔ,kəsiʔ,k ə s i ʔ,,,229,
12-1246-1,,12,1246,kəsiʔ,kəsiʔ,k ə s i ʔ,,,229,
5-778-1,,5,778,bu-kʰu,bu-kʰu,b u kʰ u,,,230,
8-778-1,,8,778,bu-kʰu,bu-kʰu,b u kʰ u,,,230,
17-778-1,,17,778,ba-kʰy,ba-kʰy,b a kʰ y,,,230,
19-778-1,,19,778,ba-kʰy,ba-kʰy,b a kʰ y,,,230,
15-778-1,,15,778,ba-kʰy,ba-kʰy,b a kʰ y,,,230,
10-778-1,,10,778,ba-kʰy,ba-kʰy,b a kʰ y,,,230,
6-778-1,,6,778,ba-kʰy,ba-kʰy,b a kʰ y,,,230,
9-778-1,,9,778,ba-kʰy,ba-kʰy,b a kʰ y,,,230,
4-778-1,,4,778,bakʰau,bakʰau,b a kʰ au,,,230,
20-778-1,,20,778,boᵉkʰaᵘ,boᵉkʰaᵘ,b oᵉ/o kʰ aᵘ/a,,,230,
21-778-1,,21,778,bukʰu,bukʰu,b u kʰ u,,,230,
1-778-1,,1,778,bamkʰam,bamkʰam,b a m kʰ a m,,,230,
7-778-1,,7,778,baiŋkʰam,baiŋkʰam,b ai ŋ kʰ a m,,,230,
14-778-1,,14,778,boᵉmokʰəm,boᵉmokʰəm,b oᵉ/o m o kʰ ə m,,,230,
2-778-1,,2,778,bɛkʰɨː,bɛkʰɨː,b ɛ kʰ ɨː,,,230,
11-778-1,,11,778,baikəː,baikəː,b ai k əː,,,230,
16-778-1,,16,778,baikɨː,baikɨː,b ai k ɨː,,,230,
18-778-1,,18,778,baikɨː,baikɨː,b ai k ɨː,,,230,
3-778-1,,3,778,bɛːkɨː,bɛːkɨː,b ɛː k ɨː,,,230,
12-778-1,,12,778,bɛːkɨː,bɛːkɨː,b ɛː k ɨː,,,230,
5-1442-1,,5,1442,kʰiŋ,kʰiŋ,kʰ i ŋ,,,231,
8-1442-1,,8,1442,kʰiŋ,kʰiŋ,kʰ i ŋ,,,231,
17-1442-1,,17,1442,kʰĩː,kʰĩː,kʰ ĩː,,,231,
19-1442-1,,19,1442,kʰĩː,kʰĩː,kʰ ĩː,,,231,
15-1442-1,,15,1442,ʨʰĩː,ʨʰĩː,tɕʰ ĩː,,,231,
10-1442-1,,10,1442,ʨʰĩː,ʨʰĩː,tɕʰ ĩː,,,231,
6-1442-1,,6,1442,ʨʰĩː,ʨʰĩː,tɕʰ ĩː,,,231,
9-1442-1,,9,1442,ʈ͡ʂʰĩː,ʈ͡ʂʰĩː,ʈʂʰ ĩː,,,231,
4-1442-1,,4,1442,ʦai,ʦai,ts ai,,,232,
20-1442-1,,20,1442,riᵒma,riᵒma,r iᵒ/i m a,,,233,
21-1442-1,,21,1442,riᵒ,riᵒ,r iᵒ/io,,,233,
1-1442-1,,1,1442,riᵒ,riᵒ,r iᵒ/io,,,233,
7-1442-1,,7,1442,ʤoi,ʤoi,dʒ oi,,,232,
14-1442-1,,14,1442,ʤaimage,ʤaimage,dʒ ai m a g e,,,232,
2-1442-1,,2,1442,ʧiN,ʧiN,tʃ i N/ɴ,,,231,
11-1442-1,,11,1442,ʧin,ʧin,tʃ i n,,,231,
16-1442-1,,16,1442,ʧiŋ,ʧiŋ,tʃ i ŋ,,,231,
18-1442-1,,18,1442,ʧiŋ,ʧiŋ,tʃ i ŋ,,,231,
3-1442-1,,3,1442,ʧiŋ,ʧiŋ,tʃ i ŋ,,,231,
12-1442-1,,12,1442,ʧiŋ,ʧiŋ,tʃ i ŋ,,,231,
5-1430-1,,5,1430,kaɹma,kaɹma,k a ɹ m a,,,234,
8-1430-1,,8,1430,kaɹma,kaɹma,k a ɹ m a,,,234,
17-1430-1,,17,1430,zyʔ,zyʔ,z y ʔ,,,235,
19-1430-1,,19,1430,ʨʰu-zuk,ʨʰu-zuk,tɕʰ u z u k,,,235,
15-1430-1,,15,1430,ʨʰyŋ-zyk,ʨʰyŋ-zyk,tɕʰ y ŋ z y k,,,235,
10-1430-1,,10,1430,ʨʰyŋ-zyk,ʨʰyŋ-zyk,tɕʰ y ŋ z y k,,,235,
6-1430-1,,6,1430,də-zyk,də-zyk,d ə z y k,,,235,
9-1430-1,,9,1430,dy-ʐyk,dy-ʐyk,d y ʐ y k,,,235,
4-1430-1,,4,1430,ʦaːtrɔŋ,ʦaːtrɔŋ,ts aː t r ɔ ŋ,,,236,
20-1430-1,,20,1430,sadijoŋ,sadijoŋ,s a d i j o ŋ,,,236,
21-1430-1,,21,1430,satijoŋ,satijoŋ,s a t i j o ŋ,,,236,
1-1430-1,,1,1430,tadijaŋ,tadijaŋ,t a d i j a ŋ,,,236,
7-1430-1,,7,1430,ladijaŋ,ladijaŋ,l a d i j a ŋ,,,236,
14-1430-1,,14,1430,tadijaŋ,tadijaŋ,t a d i j a ŋ,,,236,
2-1430-1,,2,1430,haNwaiʔ,haNwaiʔ,h a N/ɴ w ai ʔ,,,237,
11-1430-1,,11,1430,hadaŋ,hadaŋ,h a d a ŋ,,,236,
16-1430-1,,16,1430,sat,sat,s a t,,,238,
18-1430-1,,18,1430,saiʔ,saiʔ,s ai ʔ,,,238,
3-1430-1,,3,1430,pəʤaiʔ,pəʤaiʔ,p ə dʒ ai ʔ,,,239,
12-1430-1,,12,1430,pəʤaiʔ,pəʤaiʔ,p ə dʒ ai ʔ,,,239,
5-2125-1,,5,2125,luŋ,luŋ,l u ŋ,,,240,
8-2125-1,,8,2125,luŋ,luŋ,l u ŋ,,,240,
17-2125-1,,17,2125,lýŋ,lýŋ,l ý/y ŋ,,,240,
19-2125-1,,19,2125,luŋ,luŋ,l u ŋ,,,240,
15-2125-1,,15,2125,rýŋ,rýŋ,r ý/y ŋ,,,240,
10-2125-1,,10,2125,rýŋ,rýŋ,r ý/y ŋ,,,240,
6-2125-1,,6,2125,lýŋ,lýŋ,l ý/y ŋ,,,240,
9-2125-1,,9,2125,lýŋ,lýŋ,l ý/y ŋ,,,240,
4-2125-1,,4,2125,ləbau,ləbau,l ə b au,,,241,
20-2125-1,,20,2125,labaᵘ,labaᵘ,l a b aᵘ/a,,,241,
21-2125-1,,21,2125,labaᵘ,labaᵘ,l a b aᵘ/a,,,241,
1-2125-1,,1,2125,labaᵘ,labaᵘ,l a b aᵘ/a,,,241,
7-2125-1,,7,2125,labaᵘ,labaᵘ,l a b aᵘ/a,,,241,
14-2125-1,,14,2125,lubu,lubu,l u b u,,,241,
2-2125-1,,2,2125,kalɨŋ,kalɨŋ,k a l ɨ ŋ,,,240,
11-2125-1,,11,2125,kahoŋ,kahoŋ,k a h o ŋ,,,240,
16-2125-1,,16,2125,kəbɹaː,kəbɹaː,k ə b ɹ aː,,,242,
18-2125-1,,18,2125,kəbɹaː,kəbɹaː,k ə b ɹ aː,,,242,
3-2125-1,,3,2125,kəbɹaː,kəbɹaː,k ə b ɹ aː,,,242,
12-2125-1,,12,2125,kəbɹaː,kəbɹaː,k ə b ɹ aː,,,242,
5-1343-1,,5,1343,na-mi,na-mi,n a m i,,,243,
8-1343-1,,8,1343,na-mi,na-mi,n a m i,,,243,
17-1343-1,,17,1343,nə-nyː,nə-nyː,n ə n yː,,,244,
19-1343-1,,19,1343,nə-niː,nə-niː,n ə n iː,,,244,
15-1343-1,,15,1343,nə-miː,nə-miː,n ə m iː,,,243,
10-1343-1,,10,1343,nə-myː,nə-myː,n ə m yː,,,243,
6-1343-1,,6,1343,nə-nyː,nə-nyː,n ə n yː,,,244,
9-1343-1,,9,1343,naː-nyː,naː-nyː,n aː n yː,,,244,
4-1343-1,,4,1343,haːnɛiŋ,haːnɛiŋ,h aː n ɛi ŋ,,,245,
20-1343-1,,20,1343,hanaⁱ,hanaⁱ,h a n aⁱ,,,245,
21-1343-1,,21,1343,haneⁱŋ,haneⁱŋ,h a n eⁱ/e ŋ,,,245,
1-1343-1,,1,1343,hanaⁱ,hanaⁱ,h a n aⁱ,,,245,
7-1343-1,,7,1343,hanaⁱ,hanaⁱ,h a n aⁱ,,,245,
14-1343-1,,14,1343,hanaⁱ,hanaⁱ,h a n aⁱ,,,245,
2-1343-1,,2,1343,hami,hami,h a m i,,,243,
11-1343-1,,11,1343,hami,hami,h a m i,,,243,
16-1343-1,,16,1343,hami,hami,h a m i,,,243,
18-1343-1,,18,1343,hami,hami,h a m i,,,243,
3-1343-1,,3,1343,kriː,kriː,k r iː,,,244,
12-1343-1,,12,1343,kriː,kriː,k r iː,,,244,
5-717-1,,5,717,jɔŋjɔŋ,jɔŋjɔŋ,j ɔ ŋ j ɔ ŋ,,,246,
8-717-1,,8,717,ʔɔ-bej-da,ʔɔ-bej-da,ʔ ɔ b e j d a,,,247,
17-717-1,,17,717,ʔa-ʦĩː,ʔa-ʦĩː,ʔ a ts ĩː,,,248,
19-717-1,,19,717,ʔa-ʨĩː,ʔa-ʨĩː,ʔ a tɕ ĩː,,,248,
15-717-1,,15,717,ʨĩː,ʨĩː,tɕ ĩː,,,248,
10-717-1,,10,717,ʨĩː,ʨĩː,tɕ ĩː,,,248,
6-717-1,,6,717,ʔa-blã,ʔa-blã,ʔ a b l ã,,,247,
9-717-1,,9,717,ʔa-ʦĩː,ʔa-ʦĩː,ʔ a ts ĩː,,,248,
4-717-1,,4,717,pʰjɛŋ,pʰjɛŋ,pʰ j ɛ ŋ,,,248,
20-717-1,,20,717,pʰijam,pʰijam,pʰ i j a m,,,248,
21-717-1,,21,717,pʰijaŋ,pʰijaŋ,pʰ i j a ŋ,,,248,
1-717-1,,1,717,pʰijaŋ,pʰijaŋ,pʰ i j a ŋ,,,248,
7-717-1,,7,717,pʰijaŋ,pʰijaŋ,pʰ i j a ŋ,,,248,
14-717-1,,14,717,pʰijaŋ,pʰijaŋ,pʰ i j a ŋ,,,248,
2-717-1,,2,717,apin,apin,a p i n,,,248,
11-717-1,,11,717,apin,apin,a p i n,,,248,
16-717-1,,16,717,apin,apin,a p i n,,,248,
18-717-1,,18,717,apiŋ,apiŋ,a p i ŋ,,,248,
3-717-1,,3,717,apiŋ,apiŋ,a p i ŋ,,,248,
12-717-1,,12,717,apiŋ,apiŋ,a p i ŋ,,,248,
5-1220-1,,5,1220,ɲɔj,ɲɔj,ɲ ɔ j,,,249,
8-1220-1,,8,1220,ɲuj,ɲuj,ɲ u j,,,249,
17-1220-1,,17,1220,ʔa-ɲaː,ʔa-ɲaː,ʔ a ɲ aː,,,249,
19-1220-1,,19,1220,ʔa-ɲaː,ʔa-ɲaː,ʔ a ɲ aː,,,249,
15-1220-1,,15,1220,ʔa-nɛʰ,ʔa-nɛʰ,ʔ a n ɛʰ,,,249,
10-1220-1,,10,1220,ʔa-nɛʰ,ʔa-nɛʰ,ʔ a n ɛʰ,,,249,
6-1220-1,,6,1220,ʔa-nɛʰ,ʔa-nɛʰ,ʔ a n ɛʰ,,,249,
9-1220-1,,9,1220,ʔa-naːʰ,ʔa-naːʰ,ʔ a n aː,,,249,
4-1220-1,,4,1220,əɲui,əɲui,ə ɲ ui,,,249,
20-1220-1,,20,1220,eɲoⁱ,eɲoⁱ,e ɲ oⁱ/o,,,249,
21-1220-1,,21,1220,eɲoⁱ,eɲoⁱ,e ɲ oⁱ/o,,,249,
1-1220-1,,1,1220,eɲoⁱ,eɲoⁱ,e ɲ oⁱ/o,,,249,
7-1220-1,,7,1220,eɲoⁱ,eɲoⁱ,e ɲ oⁱ/o,,,249,
14-1220-1,,14,1220,eɲoⁱ,eɲoⁱ,e ɲ oⁱ/o,,,249,
2-1220-1,,2,1220,a-nyi,a-nyi,a n yi,,,249,
11-1220-1,,11,1220,a-sərjam,a-sərjam,a s ə r j a m,,,250,
16-1220-1,,16,1220,akədoŋ,akədoŋ,a k ə d o ŋ,,,251,
18-1220-1,,18,1220,ɲimɹɛː,ɲimɹɛː,ɲ i m ɹ ɛː,,,252,
3-1220-1,,3,1220,ni-mɹɛː,ni-mɹɛː,n i m ɹ ɛː,,,252,
12-1220-1,,12,1220,ni-mɹɛː,ni-mɹɛː,n i m ɹ ɛː,,,252,
5-1749-1,,5,1749,tʰɔn,tʰɔn,tʰ ɔ n,,,253,
8-1749-1,,8,1749,tʰɔn,tʰɔn,tʰ ɔ n,,,253,
17-1749-1,,17,1749,tʰøː,tʰøː,tʰ øː,,,253,
19-1749-1,,19,1749,tʰɛː,tʰɛː,tʰ ɛː,,,253,
15-1749-1,,15,1749,tʰɛn,tʰɛn,tʰ ɛ n,,,253,
10-1749-1,,10,1749,tʰĩː,tʰĩː,tʰ ĩː,,,253,
6-1749-1,,6,1749,tʰøː,tʰøː,tʰ øː,,,253,
9-1749-1,,9,1749,tʰøː,tʰøː,tʰ øː,,,253,
4-1749-1,,4,1749,rijə,rijə,r i j ə,,,254,
20-1749-1,,20,1749,tʰarijamage,tʰarijamage,tʰ a r i j a m a g e,,,254,
21-1749-1,,21,1749,ɹije,ɹije,ɹ i j e,,,254,
1-1749-1,,1,1749,ɹeⁱpʰa,ɹeⁱpʰa,ɹ eⁱ/e pʰ a,,,254,
7-1749-1,,7,1749,jepʰa,jepʰa,j e pʰ a,,,254,
14-1749-1,,14,1749,lije,lije,l i j e,,,254,
2-1749-1,,2,1749,leː,leː,l eː,,,254,
11-1749-1,,11,1749,lei,lei,l ei,,,254,
16-1749-1,,16,1749,lei,lei,l ei,,,254,
18-1749-1,,18,1749,rei,rei,r ei,,,254,
3-1749-1,,3,1749,rei,rei,r ei,,,254,
12-1749-1,,12,1749,rei,rei,r ei,,,254,
5-1244-1,,5,1244,ʔɔ-tʰɛs,ʔɔ-tʰɛs,ʔ ɔ tʰ ɛ s,,,255,
8-1244-1,,8,1244,ʔɔ-tʰɛs,ʔɔ-tʰɛs,ʔ ɔ tʰ ɛ s,,,255,
17-1244-1,,17,1244,ʔa-tʰat,ʔa-tʰat,ʔ a tʰ a t,,,255,
19-1244-1,,19,1244,ʔa-tʰɛt,ʔa-tʰɛt,ʔ a tʰ ɛ t,,,255,
15-1244-1,,15,1244,ʔa-tʰɛ,ʔa-tʰɛ,ʔ a tʰ ɛ,,,255,
10-1244-1,,10,1244,ʔa-tʰɛ,ʔa-tʰɛ,ʔ a tʰ ɛ,,,255,
6-1244-1,,6,1244,ʔa-tʰɛ,ʔa-tʰɛ,ʔ a tʰ ɛ,,,255,
9-1244-1,,9,1244,ʔa-tʰɛ,ʔa-tʰɛ,ʔ a tʰ ɛ,,,255,
4-1244-1,,4,1244,əkʰlabou,əkʰlabou,ə kʰ l a b ou,,,256,
2-1244-1,,2,1244,apən,apən,a p ə n,,,257,
11-1244-1,,11,1244,apen,apen,a p e n,,,257,
16-1244-1,,16,1244,apiʔ,apiʔ,a p i ʔ,,,257,
18-1244-1,,18,1244,toʔrɨː,toʔrɨː,t o ʔ r ɨː,,,258,
3-1244-1,,3,1244,apiʔ,apiʔ,a p i ʔ,,,257,
12-1244-1,,12,1244,apiʔ,apiʔ,a p i ʔ,,,257,
5-1214-1,,5,1214,ʔɔ-ʨʰi,ʔɔ-ʨʰi,ʔ ɔ tɕʰ i,,,259,
8-1214-1,,8,1214,u-ʨʰi,u-ʨʰi,u tɕʰ i,,,259,
17-1214-1,,17,1214,tʰwa,tʰwa,tʰ w a,,,260,
19-1214-1,,19,1214,tʰa,tʰa,tʰ a,,,260,
15-1214-1,,15,1214,tʰə,tʰə,tʰ ə,,,260,
10-1214-1,,10,1214,tʰɛː,tʰɛː,tʰ ɛː,,,260,
6-1214-1,,6,1214,tʰaː,tʰaː,tʰ aː,,,260,
9-1214-1,,9,1214,tʰaː,tʰaː,tʰ aː,,,260,
20-1214-1,,20,1214,ehihi,ehihi,e h i h i,,,261,
21-1214-1,,21,1214,hepʰomono,hepʰomono,h e pʰ o m o n o,,,261,
1-1214-1,,1,1214,hepʰomono,hepʰomono,h e pʰ o m o n o,,,261,
7-1214-1,,7,1214,hepʰomono,hepʰomono,h e pʰ o m o n o,,,261,
14-1214-1,,14,1214,ʤije,ʤije,dʒ i j e,,,262,
2-1214-1,,2,1214,hɨŋ,hɨŋ,h ɨ ŋ,,,261,
11-1214-1,,11,1214,həŋ,həŋ,h ə ŋ,,,261,
16-1214-1,,16,1214,həŋ,həŋ,h ə ŋ,,,261,
18-1214-1,,18,1214,həŋ,həŋ,h ə ŋ,,,261,
3-1214-1,,3,1214,həŋ,həŋ,h ə ŋ,,,261,
12-1214-1,,12,1214,həŋ,həŋ,h ə ŋ,,,261,
5-1205-1,,5,1205,lɔj,lɔj,l ɔ j,,,263,
8-1205-1,,8,1205,luj,luj,l u j,,,263,
17-1205-1,,17,1205,laː-pʰɔ̃,laː-pʰɔ̃,l aː pʰ ɔ̃,,,263,
19-1205-1,,19,1205,laː,laː,l aː,,,263,
15-1205-1,,15,1205,lɛː,lɛː,l ɛː,,,263,
10-1205-1,,10,1205,lɛː,lɛː,l ɛː,,,263,
6-1205-1,,6,1205,lɛː,lɛː,l ɛː,,,263,
9-1205-1,,9,1205,laː,laː,l aː,,,263,
4-1205-1,,4,1205,ryi,ryi,r yi,,,263,
20-1205-1,,20,1205,iri,iri,i r i,,,263,
21-1205-1,,21,1205,ri,ri,r i,,,263,
1-1205-1,,1,1205,ri,ri,r i,,,263,
7-1205-1,,7,1205,ri,ri,r i,,,263,
14-1205-1,,14,1205,ri,ri,r i,,,263,
2-1205-1,,2,1205,alyi,alyi,a l yi,,,263,
11-1205-1,,11,1205,jui,jui,j ui,,,263,
16-1205-1,,16,1205,lue,lue,l ue,,,263,
18-1205-1,,18,1205,lue,lue,l ue,,,263,
3-1205-1,,3,1205,arue,arue,a r ue,,,263,
12-1205-1,,12,1205,arue,arue,a r ue,,,263,
5-1380-1,,5,1380,hin-tuŋ,hin-tuŋ,h i n t u ŋ,,,264,
8-1380-1,,8,1380,ɕin-tuŋ,ɕin-tuŋ,ɕ i n t u ŋ,,,264,
17-1380-1,,17,1380,tɔkʦʰeː,tɔkʦʰeː,t ɔ k tsʰ eː,,,265,
19-1380-1,,19,1380,nə-tʰuŋ,nə-tʰuŋ,n ə tʰ u ŋ,,,264,
15-1380-1,,15,1380,pʰ-tʰyŋ,pʰ-tʰyŋ,pʰ tʰ y ŋ,,,264,
10-1380-1,,10,1380,nə-tʰyŋ,nə-tʰyŋ,n ə tʰ y ŋ,,,264,
6-1380-1,,6,1380,nə-tʰyŋ,nə-tʰyŋ,n ə tʰ y ŋ,,,264,
9-1380-1,,9,1380,ny-tʰyŋ,ny-tʰyŋ,n y tʰ y ŋ,,,264,
4-1380-1,,4,1380,ɕiɲɛn,ɕiɲɛn,ɕ i ɲ ɛ n,,,266,
20-1380-1,,20,1380,ʃiniŋ,ʃiniŋ,ʃ i n i ŋ,,,266,
21-1380-1,,21,1380,ʃinijat,ʃinijat,ʃ i n i j a t,,,266,
1-1380-1,,1,1380,ʃinijat,ʃinijat,ʃ i n i j a t,,,266,
7-1380-1,,7,1380,ʃiniŋ,ʃiniŋ,ʃ i n i ŋ,,,266,
14-1380-1,,14,1380,ʃiniŋ,ʃiniŋ,ʃ i n i ŋ,,,266,
2-1380-1,,2,1380,kətɔN,kətɔN,k ə t ɔ N/ɴ,,,264,
11-1380-1,,11,1380,kətuaŋ,kətuaŋ,k ə t ua ŋ,,,264,
16-1380-1,,16,1380,tuaŋ,tuaŋ,t ua ŋ,,,264,
18-1380-1,,18,1380,tuaŋ,tuaŋ,t ua ŋ,,,264,
3-1380-1,,3,1380,kətuaŋ,kətuaŋ,k ə t ua ŋ,,,264,
12-1380-1,,12,1380,kətuaŋ,kətuaŋ,k ə t ua ŋ,,,264,
5-948-1,,5,948,kʰow,kʰow,kʰ o w,,,267,
8-948-1,,8,948,kʰaw,kʰaw,kʰ a w,,,267,
17-948-1,,17,948,kʰoː,kʰoː,kʰ oː,,,267,
19-948-1,,19,948,kʰoː,kʰoː,kʰ oː,,,267,
15-948-1,,15,948,kʰoː,kʰoː,kʰ oː,,,267,
10-948-1,,10,948,kʰɔː,kʰɔː,kʰ ɔː,,,267,
6-948-1,,6,948,kʰɔː,kʰɔː,kʰ ɔː,,,267,
9-948-1,,9,948,kʰɔː,kʰɔː,kʰ ɔː,,,267,
4-948-1,,4,948,kʰoː,kʰoː,kʰ oː,,,267,
20-948-1,,20,948,kʰo,kʰo,kʰ o,,,267,
21-948-1,,21,948,kʰoᵘ,kʰoᵘ,kʰ oᵘ/o,,,267,
1-948-1,,1,948,kʰoᵘ,kʰoᵘ,kʰ oᵘ/o,,,267,
7-948-1,,7,948,kʰoᵘ,kʰoᵘ,kʰ oᵘ/o,,,267,
14-948-1,,14,948,kʰoᵘ,kʰoᵘ,kʰ oᵘ/o,,,267,
2-948-1,,2,948,kʰɔː,kʰɔː,kʰ ɔː,,,267,
11-948-1,,11,948,kua,kua,k ua,,,267,
16-948-1,,16,948,kua,kua,k ua,,,267,
18-948-1,,18,948,kua,kua,k ua,,,267,
3-948-1,,3,948,kua,kua,k ua,,,267,
12-948-1,,12,948,kua,kua,k ua,,,267,
5-1236-1,,5,1236,ʔa-be,ʔa-be,ʔ a b e,,,268,
8-1236-1,,8,1236,ʔa-be,ʔa-be,ʔ a b e,,,268,
17-1236-1,,17,1236,musi_ʔaː,musi_ʔaː,m u s i ʔ aː,,,269,
19-1236-1,,19,1236,mə-raː,mə-raː,m ə r aː,,,269,
15-1236-1,,15,1236,pʰ-ʨʰɔ̃ː_waː,pʰ-ʨʰɔ̃ː_waː,pʰ tɕʰ ɔ̃ː w aː,,,270,
10-1236-1,,10,1236,ʔa-ti_jaː,ʔa-ti_jaː,ʔ a t i j aː,,,271,
6-1236-1,,6,1236,mə-tiː_ja,mə-tiː_ja,m ə t iː j a,,,271,
9-1236-1,,9,1236,mə-tiː_ja,mə-tiː_ja,m ə t iː j a,,,271,
4-1236-1,,4,1236,ɲujaː,ɲujaː,ɲ u j aː,,,272,
20-1236-1,,20,1236,niwka,niwka,n i w k a,,,272,
21-1236-1,,21,1236,niw,niw,n i w,,,272,
1-1236-1,,1,1236,niw,niw,n i w,,,272,
7-1236-1,,7,1236,nije,nije,n i j e,,,272,
14-1236-1,,14,1236,ɲijaga,ɲijaga,ɲ i j a g a,,,272,
2-1236-1,,2,1236,hɛː,hɛː,h ɛː,,,273,
11-1236-1,,11,1236,hai,hai,h ai,,,273,
16-1236-1,,16,1236,hai,hai,h ai,,,273,
18-1236-1,,18,1236,hai,hai,h ai,,,273,
3-1236-1,,3,1236,hiː,hiː,h iː,,,274,
12-1236-1,,12,1236,hiː,hiː,h iː,,,274,
5-1335-1,,5,1335,jaŋkaɹ,jaŋkaɹ,j a ŋ k a ɹ,,,275,
8-1335-1,,8,1335,jaŋkaɹ,jaŋkaɹ,j a ŋ k a ɹ,,,275,
17-1335-1,,17,1335,ʔa-zɔ̃ː,ʔa-zɔ̃ː,ʔ a z ɔ̃ː,,,276,
19-1335-1,,19,1335,ʔa-zɔ̃ː,ʔa-zɔ̃ː,ʔ a z ɔ̃ː,,,276,
15-1335-1,,15,1335,ʔa-zɔ̃ː,ʔa-zɔ̃ː,ʔ a z ɔ̃ː,,,276,
10-1335-1,,10,1335,ʔa-zɔ̃ː,ʔa-zɔ̃ː,ʔ a z ɔ̃ː,,,276,
6-1335-1,,6,1335,ʔa-zãː,ʔa-zãː,ʔ a z ãː,,,276,
9-1335-1,,9,1335,ʔa-zãː,ʔa-zãː,ʔ a z ãː,,,276,
4-1335-1,,4,1335,əmau,əmau,ə m au,,,277,
20-1335-1,,20,1335,emoᵘ,emoᵘ,e m oᵘ/o,,,277,
21-1335-1,,21,1335,emoŋ,emoŋ,e m o ŋ,,,277,
1-1335-1,,1,1335,mõᵘ,mõᵘ,m õᵘ/õu,,,277,
7-1335-1,,7,1335,mõᵘ,mõᵘ,m õᵘ/õu,,,277,
14-1335-1,,14,1335,emoŋ,emoŋ,e m o ŋ,,,277,
2-1335-1,,2,1335,arjuN,arjuN,a r j u N/ɴ,,,278,
11-1335-1,,11,1335,arjuŋ,arjuŋ,a r j u ŋ,,,278,
16-1335-1,,16,1335,arjuŋ,arjuŋ,a r j u ŋ,,,278,
18-1335-1,,18,1335,arjuŋ,arjuŋ,a r j u ŋ,,,278,
3-1335-1,,3,1335,arjuŋ,arjuŋ,a r j u ŋ,,,278,
12-1335-1,,12,1335,arjuŋ,arjuŋ,a r j u ŋ,,,278,
5-1235-1,,5,1235,mi,mi,m i,,,279,
8-1235-1,,8,1235,mi,mi,m i,,,279,
17-1235-1,,17,1235,ɲiː,ɲiː,ɲ iː,,,279,
19-1235-1,,19,1235,ɲiː,ɲiː,ɲ iː,,,279,
15-1235-1,,15,1235,miː,miː,m iː,,,279,
10-1235-1,,10,1235,miː,miː,m iː,,,279,
6-1235-1,,6,1235,niː,niː,n iː,,,279,
9-1235-1,,9,1235,niː,niː,n iː,,,279,
4-1235-1,,4,1235,haɲu,haɲu,h a ɲ u,,,280,
20-1235-1,,20,1235,haniju,haniju,h a n i j u,,,280,
21-1235-1,,21,1235,haŋuŋ,haŋuŋ,h a ŋ u ŋ,,,280,
1-1235-1,,1,1235,haniju,haniju,h a n i j u,,,280,
7-1235-1,,7,1235,haniju,haniju,h a n i j u,,,280,
14-1235-1,,14,1235,haniju,haniju,h a n i j u,,,280,
2-1235-1,,2,1235,mii,mii,m iː,,,279,
11-1235-1,,11,1235,hoː,hoː,h oː,,,280,
16-1235-1,,16,1235,hoː,hoː,h oː,,,280,
18-1235-1,,18,1235,haː,haː,h aː,,,280,
3-1235-1,,3,1235,haː,haː,h aː,,,280,
12-1235-1,,12,1235,haː,haː,h aː,,,280,
5-960-1,,5,960,nam-suŋ,nam-suŋ,n a m s u ŋ,,,281,
8-960-1,,8,960,nam-suŋ,nam-suŋ,n a m s u ŋ,,,281,
17-960-1,,17,960,nə-sɔm,nə-sɔm,n ə s ɔ m,,,281,
19-960-1,,19,960,nə-sɔm,nə-sɔm,n ə s ɔ m,,,281,
15-960-1,,15,960,p-søm,p-søm,p s ø m,,,281,
10-960-1,,10,960,ny-sɔm,ny-sɔm,n y s ɔ m,,,281,
6-960-1,,6,960,nə-søn,nə-søn,n ə s ø n,,,281,
9-960-1,,9,960,na-søn,na-søn,n a s ø n,,,281,
4-960-1,,4,960,haːsaːm,haːsaːm,h aː s aː m,,,281,
20-960-1,,20,960,hasam,hasam,h a s a m,,,281,
21-960-1,,21,960,hasam,hasam,h a s a m,,,281,
1-960-1,,1,960,aʃam,aʃam,a ʃ a m,,,281,
7-960-1,,7,960,hasam,hasam,h a s a m,,,281,
14-960-1,,14,960,hasam,hasam,h a s a m,,,281,
2-960-1,,2,960,haNʃin,haNʃin,h a N/ɴ ʃ i n,,,282,
11-960-1,,11,960,hahɹɨn,hahɹɨn,h a h ɹ ɨ n,,,282,
16-960-1,,16,960,hahɨn,hahɨn,h a h ɨ n,,,282,
18-960-1,,18,960,ahuiʔ,ahuiʔ,a h ui ʔ,,,283,
3-960-1,,3,960,aŋhuiʔ,aŋhuiʔ,a ŋ̊ ui ʔ,,,283,
12-960-1,,12,960,aŋhuiʔ,aŋhuiʔ,a ŋ̊ ui ʔ,,,283,
5-1257-1,,5,1257,pɛmpu,pɛmpu,p ɛ m p u,,,284,
8-1257-1,,8,1257,ɲuj-pʰa,ɲuj-pʰa,ɲ u j pʰ a,,,285,
17-1257-1,,17,1257,nə-pʰaŋ,nə-pʰaŋ,n ə pʰ a ŋ,,,285,
19-1257-1,,19,1257,lə-pʰaŋ,lə-pʰaŋ,l ə pʰ a ŋ,,,285,
15-1257-1,,15,1257,mə-pʰaŋ,mə-pʰaŋ,m ə pʰ a ŋ,,,285,
10-1257-1,,10,1257,nə-pʰaŋ,nə-pʰaŋ,n ə pʰ a ŋ,,,285,
6-1257-1,,6,1257,ny-pʰaŋ,ny-pʰaŋ,n y pʰ a ŋ,,,285,
9-1257-1,,9,1257,ny-pʰaŋ,ny-pʰaŋ,n y pʰ a ŋ,,,285,
4-1257-1,,4,1257,əjik̚,əjik̚,ə j i k̚,,,286,
2-1257-1,,2,1257,aʒuiN,aʒuiN,a ʒ ui N/ɴ,,,286,
11-1257-1,,11,1257,aʒun,aʒun,a ʒ u n,,,286,
16-1257-1,,16,1257,azuət,azuət,a z uə t,,,286,
18-1257-1,,18,1257,məjuiʔ,məjuiʔ,m ə j ui ʔ,,,286,
3-1257-1,,3,1257,ajuiʔ,ajuiʔ,a j ui ʔ,,,286,
12-1257-1,,12,1257,awiʔ,awiʔ,a w i ʔ,,,287,
5-962-1,,5,962,ʥu-mu,ʥu-mu,dʑ u m u,,,288,
8-962-1,,8,962,ʥu-mu,ʥu-mu,dʑ u m u,,,288,
17-962-1,,17,962,ʥə-my,ʥə-my,dʑ ə m y,,,288,
19-962-1,,19,962,ʥə-mi,ʥə-mi,dʑ ə m i,,,288,
15-962-1,,15,962,ʥə-my,ʥə-my,dʑ ə m y,,,288,
10-962-1,,10,962,ʥə-my,ʥə-my,dʑ ə m y,,,288,
6-962-1,,6,962,ʥə-my,ʥə-my,dʑ ə m y,,,288,
9-962-1,,9,962,ʥə-my,ʥə-my,dʑ ə m y,,,288,
4-962-1,,4,962,bə-mi,bə-mi,b ə m i,,,288,
20-962-1,,20,962,dimi,dimi,d i m i,,,288,
21-962-1,,21,962,bimi,bimi,b i m i,,,288,
1-962-1,,1,962,bimi,bimi,b i m i,,,288,
7-962-1,,7,962,hõamu,hõamu,h õa m u,,,289,
14-962-1,,14,962,hõamua,hõamua,h õa m ua,,,289,
2-962-1,,2,962,məruː,məruː,m ə r uː,,,290,
11-962-1,,11,962,amui,amui,a m ui,,,288,
16-962-1,,16,962,amui,amui,a m ui,,,288,
18-962-1,,18,962,amui,amui,a m ui,,,288,
3-962-1,,3,962,amui,amui,a m ui,,,288,
12-962-1,,12,962,amui,amui,a m ui,,,288,
5-1803-1,,5,1803,ɕiŋ,ɕiŋ,ɕ i ŋ,,,291,
8-1803-1,,8,1803,hiŋ,hiŋ,h i ŋ,,,291,
17-1803-1,,17,1803,hiŋ,hiŋ,h i ŋ,,,291,
19-1803-1,,19,1803,hiŋ,hiŋ,h i ŋ,,,291,
15-1803-1,,15,1803,hiŋ,hiŋ,h i ŋ,,,291,
10-1803-1,,10,1803,hiŋ,hiŋ,h i ŋ,,,291,
6-1803-1,,6,1803,hiŋ,hiŋ,h i ŋ,,,291,
9-1803-1,,9,1803,hiŋ,hiŋ,h i ŋ,,,291,
4-1803-1,,4,1803,hiŋ,hiŋ,h i ŋ,,,291,
20-1803-1,,20,1803,hiŋ,hiŋ,h i ŋ,,,291,
21-1803-1,,21,1803,hiŋ,hiŋ,h i ŋ,,,291,
1-1803-1,,1,1803,hiŋ,hiŋ,h i ŋ,,,291,
7-1803-1,,7,1803,hiŋ,hiŋ,h i ŋ,,,291,
14-1803-1,,14,1803,hiŋ,hiŋ,h i ŋ,,,291,
2-1803-1,,2,1803,ʃiN,ʃiN,ʃ i N/ɴ,,,291,
11-1803-1,,11,1803,hɹɨn,hɹɨn,h ɹ ɨ n,,,291,
16-1803-1,,16,1803,hɨŋ,hɨŋ,h ɨ ŋ,,,291,
18-1803-1,,18,1803,hɹiŋ,hɹiŋ,h ɹ i ŋ,,,291,
3-1803-1,,3,1803,hɹeŋ,hɹeŋ,h ɹ e ŋ,,,291,
12-1803-1,,12,1803,hjeŋ,hjeŋ,h j e ŋ,,,291,
5-1174-1,,5,1174,dɛj-ju,dɛj-ju,d ɛ j j u,,,292,
8-1174-1,,8,1174,di-ju,di-ju,d i j u,,,292,
17-1174-1,,17,1174,di-jau,di-jau,d i j au,,,292,
15-1174-1,,15,1174,ʥɔ-hɔː,ʥɔ-hɔː,dʑ ɔ h ɔː,,,292,
10-1174-1,,10,1174,ʥy-jɔː,ʥy-jɔː,dʑ y j ɔː,,,292,
6-1174-1,,6,1174,dy-jɔː,dy-jɔː,d y j ɔː,,,292,
9-1174-1,,9,1174,dy-jɔː,dy-jɔː,d y j ɔː,,,292,
4-1174-1,,4,1174,dijau,dijau,d i j au,,,292,
20-1174-1,,20,1174,dijo,dijo,d i j o,,,292,
21-1174-1,,21,1174,dijo,dijo,d i j o,,,292,
1-1174-1,,1,1174,dijo,dijo,d i j o,,,292,
7-1174-1,,7,1174,tʰəmijaŋ,tʰəmijaŋ,tʰ ə m i j a ŋ,,,292,
14-1174-1,,14,1174,dijo,dijo,d i j o,,,292,
2-1174-1,,2,1174,ʤirjɛ:,ʤirjɛ:,dʒ i r j ɛː,,,292,
11-1174-1,,11,1174,rəniː,rəniː,r ə n iː,,,293,
18-1174-1,,18,1174,bɹõrĩ,bɹõrĩ,b ɹ õ r ĩ,,,294,
3-1174-1,,3,1174,bjariː,bjariː,b j a r iː,,,294,
12-1174-1,,12,1174,bjariː,bjariː,b j a r iː,,,294,
